date,holiday,holiday_reason,precip,North Ave entry,North Ave exit,Quezon ave entry,Quezon ave exit,Gma Kamuning Entry,Gma Kamuning Exit,Cubao Entry,Cubao Exit,Santolan Entry,Santolan Exit,Ortigas entry,Ortigas Exit,Shaw Blvd entry,Shaw Blvd exit,Boni Ave entry,Boni Ave exit,Guadalupe Entry,Gudalupe Exit,Buendia Entry,Buedia exit,Ayale Entry,Ayala Exit,Magallanes Entry,Magallanes Exit,Taft Entry,Taft Exit,Total entry,Total Exit,time,reason,dir,station,cat_type
2017-01-01,1,New Year's Day,0,26656,16059,9316,6876,4732,2628,19622,21593,1328,2142,2725,6925,11155,13176,5530,6194,11473,13150,1276,2252,7756,11518,5403,3920,31778,31483,138750,137916,,,,,
2017-01-02,1, Proclamation No. 117,0,48955,23612,15707,11779,9004,4022,28408,32784,2390,3940,4894,13067,17811,25290,8312,12346,16372,20454,2522,4996,13897,21470,9930,8384,44671,39382,222873,221526,7:02 AM,Train unloaded passenger due to technical problem.,South Bound,Shaw Boulevard,CAT 2
2017-01-03,,,0,80673,42090,35214,28911,17569,10713,40526,55749,7115,10083,14867,30489,34213,47859,19914,27543,28529,33182,11743,16301,33424,40323,28486,19847,74557,62265,426830,425355,,,,,
2017-01-04,,,1,79407,44395,36071,31623,16845,11654,42595,58454,7869,11104,16491,32498,36957,49474,22136,27938,31787,33572,12991,17334,35744,41476,30687,20428,79682,67506,449262,447456,6:55 PM,Normal operation resumed at 6:55 PM.,North Bound,Buendia,CAT 1
2017-01-05,,,3,78940,44540,36198,31950,17300,11950,42071,58642,8216,11585,16959,33647,36446,49883,22380,28427,31805,33830,13963,17685,38010,42035,31843,20743,75811,63752,449942,448669,6:35 PM,Service Interruption due to technical problem. ,North Bound,Buendia,CAT 4
2017-01-06,,,0,82783,49404,38433,33905,18238,12816,45591,65526,8779,11603,18487,35529,39942,53642,23567,29069,34613,35118,15006,18542,41385,45017,34558,21278,81508,69703,482890,481152,,,,,
2017-01-07,,,0,57402,39377,24624,22507,11015,8536,38128,52543,4922,6901,9967,21120,28915,37651,16123,17488,28678,26092,7633,8010,26620,28033,22752,11998,59215,54363,335994,334619,10:27 PM,Train unloaded passengers at 10:27 PM due to technical problem.,North Bound,Boni Avenue,CAT 3
2017-01-08,,,0,40713,24095,14997,11981,7436,4657,28469,33305,2652,3928,5345,12339,18554,23625,10002,11606,18741,19111,2657,4003,14768,19421,9743,6837,41951,40031,216028,214939,,,,,
2017-01-09,,,0,84479,43828,39750,33540,19129,12154,42462,58490,8674,11501,16921,33363,36057,50869,20914,28069,32120,34652,13286,19374,34738,42852,31299,22256,77681,64368,457510,455316,3:00 PM,Train unloaded passengers due to technical problem.,South Bound,Cubao,CAT 3
2017-01-10,,,14,81773,47386,38080,34637,18149,12725,45040,62978,8952,11546,18316,34888,39591,52734,23975,30649,33305,36174,15346,18710,41808,43965,34381,22116,80454,68764,479170,477272,4:57 AM,Normal operation resumed at 4:57AM.,South Bound,North Avenue - Quezon Avenue,CAT 1
2017-01-11,,,2,81600,46387,38332,34104,17971,12546,43592,62612,8932,11529,18172,34226,39216,51825,23445,29959,33775,35738,14760,18552,40106,43111,32826,21590,80213,68926,472940,471105,4:37 AM,Service interruption due to Signaling problem at 4:37 AM.,South Bound,North Avenue - Quezon Avenue,CAT 4
2017-01-12,,,1,79718,45508,36831,33833,17787,12742,41849,60413,9001,11590,18390,33774,38552,51147,23148,28996,32437,35002,14912,18510,39531,43031,33486,21264,78136,66214,463778,462024,7:29 AM,Train unloaded pax at Shaw Blvd Stn SB at 7:29am due to technical problem.,South Bound,Shaw Boulevard,CAT 2
2017-01-13,,,0,83423,49254,39776,34333,18923,13109,45576,69111,9418,12283,19162,36418,41102,54727,24455,29310,34935,35666,15429,19170,41746,45906,36372,22134,84357,71013,494674,492434,4:53 PM,Train unloaded passengers due to technical problem.,South Bound,Buendia,CAT 3
2017-01-14,,,0,60093,41098,27051,24420,11928,9374,41193,58402,4984,7075,11053,22132,31782,39154,17384,17992,30336,27103,8270,8359,28496,28508,24022,12541,62918,61153,359510,357311,11:10 AM,Train unloaded pax at Boni Stn SB at 1110am due to technical problem.,South Bound,Boni Avenue,CAT 3
2017-01-15,,,2,40919,24935,15098,12285,7673,4741,29499,33843,2732,3885,5705,12637,19625,24675,10210,11790,19444,20394,2728,4063,16062,19728,10060,7210,42747,40809,222502,220995,,,,,
2017-01-16,,,0,83181,43503,37755,32857,18957,12489,40376,60870,9272,11953,17771,33161,38188,51461,21728,28805,32465,35707,13278,18534,35966,42641,31973,22286,81581,65673,462491,459940,8:04 AM,Train unloaded passengers due to technical problem.,South Bound,GMA Kamuning,CAT 3
2017-01-17,,,0,81130,45685,38266,34419,18391,13180,44550,61798,9374,12265,18038,34263,39236,52852,23480,30246,33745,35990,15207,18725,39883,43397,33165,22211,80465,68096,474930,473127,5:15 AM,Train unloaded passengers due to technical problem.,South Bound,Boni Avenue,CAT 3
2017-01-18,,,0,80769,45968,38116,34858,18094,12987,43329,63210,9175,12234,18696,34490,39819,52546,24012,30324,34004,35959,15233,18579,40466,43145,34393,21882,81393,69186,477499,475368,6:08 AM,Train removed from the mainline due to technical problem.,South Bound,North Avenue,CAT 3
2017-01-19,,,0,80294,46324,37876,34126,18320,13146,44096,61942,8885,11683,18091,34715,39129,52846,23457,29718,33638,35654,14981,18627,40074,43127,33874,21890,79768,66797,472483,470595,,,,,
2017-01-20,,,0,83811,49822,39816,35599,18778,13894,46942,69493,9281,12167,19356,36795,41295,56312,24889,30555,36147,36798,16218,19264,43207,46158,39187,22576,84939,71411,503866,500844,9:34 PM,Train unloaded passengers due to technical problem.,North Bound,Magallanes,CAT 3
2017-01-21,,,0,57655,39694,25279,23517,11645,9441,39422,55426,5116,7085,10046,21032,30392,38653,16858,17756,29942,27501,8294,8353,27919,28583,23329,12617,61346,55623,347243,345281,9:02 PM,Train unloaded passengers due to technical problem.,North Bound,Shaw Boulevard,CAT 3
2017-01-22,,,11,39181,23677,14457,12060,7183,4686,27397,31958,2708,4067,5208,11839,18456,23785,9660,11376,18762,19587,2660,4097,15376,18820,10025,6973,40759,37678,211832,210603,,,,,
2017-01-23,,,6,82013,43384,36604,32170,19294,13047,42455,58297,8629,11857,17650,33905,37680,52050,21157,28429,32030,35751,13788,18421,36028,42189,31551,22243,80718,65094,459597,456837,8:41 AM,Train unloaded passenger due to technical problem.,South Bound,Ortigas,CAT 3
2017-01-24,,,1,79427,45445,37509,34510,18321,12901,43110,61753,9095,11875,18619,34971,38708,52156,23466,30018,33529,35527,15445,19106,40195,43594,34462,22038,80054,66107,471940,470001,8:36 AM,Normal operation resumed at 8:36 AM.,South Bound,Santolan Anapolis - Ortigas,CAT 1
2017-01-25,,,0,80222,46523,37318,35006,18106,13268,43573,63011,9270,11734,19051,34909,39914,52550,23821,30162,34357,36375,15455,18663,40535,43620,35066,22052,82548,69350,479236,477223,8:23 AM,Service interruption due to technical problem at 8:23AM at Santolan to Ortigas SB.,South Bound,Santolan Anapolis - Ortigas,CAT 4
2017-01-26,,,0,78729,45453,37762,34707,17965,13056,43209,62092,9247,11904,18311,34689,39427,52329,23661,29786,33867,35990,15437,18776,40582,43904,34398,21332,81003,67646,473598,471664,7:03 PM,Train unloaded passengers due to technical problem.,North Bound,Buendia,CAT 2
2017-01-27,,,0,83495,47838,39008,34979,19059,13487,45863,68186,9539,12148,19560,36408,40709,55365,24232,29074,35710,35679,14943,19487,40388,45821,36860,22200,86469,72756,495835,493428,6:46 PM,Train stopped due to technical problem.,North Bound,Ayala Avenue - Buendia,CAT 2
2017-01-28,1,Chinese New Year,1,48973,33678,20876,18963,9424,7438,34242,47336,3994,5670,8281,17932,26007,32918,14114,14362,25867,22786,5581,6311,23740,24963,18054,9514,54710,50357,293863,292228,,,,,
2017-01-29,,,0,39799,23860,14571,12269,7405,4821,27125,31405,2601,3885,5325,11934,18526,24439,9630,11393,18637,19368,2618,4036,15433,19149,10259,7511,41652,38630,213581,212700,,,,,
2017-01-30,,,0,83087,41812,36628,32492,18483,12006,41274,57490,8233,11296,16709,33262,36053,50955,20959,28877,31660,35562,13672,18594,35889,43105,30887,21840,78503,63438,452037,450729,8:29 PM,"Train experienced technical problem, passengers will be unloaded at Ayala Station NB.",North Bound,Magallanes - Ayala Avenue,CAT 3
2017-01-31,,,1,81730,46491,38170,35211,18165,13423,43047,62783,9209,12054,18449,34729,39889,53313,24030,30473,34212,36221,15564,19469,40902,44298,35306,22182,81515,67908,480188,478555,10:14 PM,Train unloaded passengers due to technical problem.,South Bound,Magallanes,CAT 3
2017-02-01,,,14,80153,46969,37841,35273,18024,13175,43712,63754,8972,11677,18203,34411,40517,53563,24650,31151,34612,36534,15960,18991,41497,43930,36166,22164,85120,72141,485427,483733,4:05 PM,Train unloaded passengers due to technical problem.,North Bound,Magallanes,CAT 3
2017-02-02,,,1,78428,45285,36445,34627,17406,12836,41980,61857,8745,11437,18154,33460,39372,52114,23940,30136,33305,35665,15142,18278,41156,43317,34623,21554,79813,66447,468509,467013,5:44 AM,Train unloaded passengers due to technical problem.,South Bound,Cubao,CAT 3
2017-02-03,,,0,83228,50674,38486,35056,18370,13580,46275,68231,9392,11967,19812,36340,41527,54918,24688,30326,35618,36546,15057,19232,42692,46160,37720,21935,85558,71457,498423,496422,2:40 PM,"Train experienced technical problem, unloaded passengers at Kamuning Station NB 2:43pm",North Bound,Cubao - GMA Kamuning,CAT 3
2017-02-04,,,0,56850,40243,24637,23115,11064,9270,38975,56110,5161,6968,10419,21452,30731,39184,17045,18344,29713,26771,8250,8264,27426,27513,24204,12402,62215,55194,346690,344830,1:48 PM,Train unloaded pax at Shaw Blvd Stn NB at 1:48pm due to technical problem.,North Bound,Shaw Boulevard,CAT 3
2017-02-05,,,0,39896,24890,14626,12488,7463,4924,28586,33039,2748,3919,5619,12370,19373,24629,9959,11858,19593,20437,2735,4068,15732,19084,10383,7136,42707,39305,219420,218147,8:29 AM,Train unloaded pax at Guadalupe Stn SB at 8:29am due to technical problem.,South Bound,Guadalupe,CAT 3
2017-02-06,,,0,81578,42195,36138,32255,18749,12419,42865,59100,8549,11196,17066,32861,37050,51515,21755,29468,31098,35533,14562,18764,37537,43756,32504,22700,80356,66436,459807,458198,,,,,
2017-02-07,,,0,80489,45778,37017,34899,17982,13039,43507,63822,9062,11508,18344,33806,39645,52720,23552,30545,33719,36126,16055,19286,41060,43731,34756,22041,82018,68170,477206,475471,8:48 AM,Train unloaded pax at Cubao Stn SB at 8:55am due to technical problem.,South Bound,GMA Kamuning - Cubao,CAT 3
2017-02-08,,,0,80435,46541,37494,35067,17881,13083,44105,63114,8877,11790,18614,34507,39690,53564,24080,30625,34185,36037,15541,19233,40996,44123,35055,21696,83904,69800,480857,479180,,,,,
2017-02-09,,,0,79202,45004,37134,34526,17462,12997,43471,62666,8584,11469,17840,33609,39367,53083,23293,29081,33193,35628,15413,18923,41026,43584,33688,21593,80714,66917,470387,469080,,,,,
2017-02-10,,,0,83088,50252,38972,35747,18781,14004,46605,69808,9387,12168,19890,36231,42862,56410,25472,30766,36388,36929,16322,19513,43848,46309,37170,22308,87216,73828,506001,504273,,,,,
2017-02-11,,,0,57115,38844,24531,23278,11329,9379,38057,55110,5166,6982,10926,21002,30225,38152,16984,17722,29424,27062,8211,8219,27107,28029,23539,12341,63486,58288,346100,344408,10:27 PM,Train unloaded passengers due to technical problem.,North Bound,Magallanes,CAT 3
2017-02-12,,,0,39909,23934,14707,12091,7499,4971,28941,33580,2780,3972,5443,11816,18890,23960,10018,11758,19153,20165,2783,3990,15565,19415,10272,7274,42754,40837,218714,217763,,,,,
2017-02-13,,,2,81137,43300,36015,31775,19214,11964,42139,58080,8885,10849,17934,33578,38685,55418,21273,29257,31342,35435,14423,18230,36752,41924,31232,20634,78244,64928,457275,455372,4:54 PM,Train unloaded passengers at Kamuning Station SB at 4:54 pm due to technical problem.,South Bound,GMA Kamuning,CAT 2
2017-02-14,,,0,82500,48751,37966,34773,18235,13178,46073,66841,8837,10968,19168,34652,41079,53988,24454,29937,35097,36405,15897,19090,42031,46125,35003,21778,83729,71888,490069,488374,,,,,
2017-02-15,,,0,79629,47532,37967,35486,18012,13290,43959,65033,9007,11564,18981,34454,41276,53500,24492,30299,34544,36227,15848,19018,41842,44528,35523,21919,84059,70843,485139,483693,,,,,
2017-02-16,,,1,79479,46956,38177,35923,18207,13379,44181,63915,9028,11764,18511,34289,40990,53902,24305,30342,35091,36290,15761,19019,41851,44872,34627,21765,82698,69049,482906,481465,8:25 PM,Train unloaded passengers at Shaw Blvd. Station SB AT 8:25PM due to technical problem.,South Bound,Shaw Boulevard,CAT 3
2017-02-17,,,0,81579,49055,38664,35620,18570,13656,46475,69195,9553,12312,19556,35945,41975,55385,24797,30043,35766,36367,15989,19304,43582,46449,37294,21801,86095,73302,499895,498434,,,,,
2017-02-18,,,19,55726,39488,24707,24186,11022,9003,38257,56471,4885,6620,10147,20455,30780,38826,17345,17840,28763,26670,8742,8344,29152,29130,24602,12077,61921,55682,346049,344792,4:28 PM,Train unloaded passengers at Cubao Station SB at 4:28PM due to technical problem.,South Bound,Cubao,CAT 3
2017-02-19,,,1,39776,24398,14372,12377,7682,5030,28732,34041,2700,3881,5552,12251,19051,24499,10104,11781,19345,20074,2905,4088,17118,20831,10175,6993,41673,38263,219185,218507,7:15 AM,"Train experienced technical problem, unloaded passengers at Kamuning Station NB 07:18 am.",North Bound,Cubao - GMA Kamuning,CAT 3
2017-02-20,,,0,79574,43220,37272,33204,19032,12548,42286,58768,8646,11244,17187,32540,37971,52063,21775,29640,32796,36261,14064,18744,36726,43507,31863,21736,81559,66151,460751,459626,7:01 AM,"Train experienced technical problem, unloaded passengers at Cubao Station SB 07:04 am.",South Bound,GMA Kamuning - Cubao,CAT 3
2017-02-21,,,0,77880,45042,37272,34565,18073,12922,43232,61358,8815,11342,17921,33424,39272,52411,23584,30086,33531,35906,15743,19177,40949,43758,33427,21466,81243,68392,470942,469849,2:58 PM,Train unloaded passengers at Buendia NB at 2:58 PM due to technical problem.,North Bound,Buendia,CAT 2
2017-02-22,,,0,75682,45831,37178,35078,17284,12818,43219,62121,9093,11537,18535,33162,39866,52148,23937,30243,34255,35622,15681,18691,40782,43291,34161,21224,82374,68956,472047,470722,6:58 PM,Train unloaded passengers at Cubao Station SB at 6:58 PM due to technical problem.,South Bound,Cubao,CAT 2
2017-02-23,,,0,79057,46289,38594,35191,18830,13321,44832,63938,9528,11722,19604,34231,40339,53302,24309,30273,34642,36525,15968,19300,42040,44733,33934,22194,80397,69813,482074,480832,,,,,
2017-02-24,,,0,81969,48429,39104,35031,19310,13593,46279,68658,10004,11837,19856,35334,40519,54567,24657,29292,35592,35940,16189,19398,41524,46309,36927,21832,82794,73193,494724,493413,6:34 AM,Normal operation resumes at 6:34 am from North Ave. Station to Taft Ave Station.,South Bound,Ayala Avenue - Magallanes,CAT 1
2017-02-25,1,EDSA Revolution Anniversary,0,49936,35369,22433,20831,9950,8158,36204,50890,4765,6510,9291,18352,27509,33400,15019,14949,26622,24232,6020,6684,24996,25689,19763,10419,57964,53746,310472,309229,6:03 AM,Service interruption due to tracks problem at Ayala to Magallanes SB as of 6:03 AM.,South Bound,Ayala Avenue - Magallanes,CAT 4
2017-02-26,,,0,38220,22932,14034,12010,7384,4512,27849,33361,2642,3772,5342,11783,18208,23039,9787,11796,18418,19306,2605,4061,15481,19085,9868,6880,41230,37806,211068,210343,10:33 PM,Train unloaded passengers at Magallanes Station NB 10:33pm due to technical problem.,North Bound,Magallanes,CAT 3
2017-02-27,,,0,75475,39200,32882,27818,16846,11014,39203,51951,7747,10067,15507,29992,33362,46492,19753,26592,26467,30245,12229,17596,36235,42310,27649,19686,70605,60046,413960,413009,,,,,
2017-02-28,,,0,76649,46755,35412,35084,17358,13321,42018,61487,9397,11231,18620,31826,41372,51820,23723,29777,33743,35637,16295,18327,41920,42584,34552,20985,77253,68186,468312,467020,,,,,
2017-03-01,,,0,79134,47228,37381,35226,17818,13345,44430,65698,9153,11552,18854,33896,41536,53894,24834,31045,35346,36428,16194,19130,42627,44074,34468,21546,87302,74690,489077,487752,9:17 AM,Train unloaded passengers at Cubao Station SB at 9:17 AM due to technical problem.,South Bound,Cubao,CAT 3
2017-03-02,,,1,78118,44849,37003,34676,17299,12857,43712,62198,8769,11491,18056,33937,39819,52569,23813,30116,33950,35283,15954,19001,41267,43800,34167,21362,80273,68972,472200,471111,,,,,
2017-03-03,,,0,80697,48333,38147,35132,18077,13400,46340,70229,9352,11774,19450,35593,41682,55133,24523,29929,35458,36203,16405,19376,42361,45357,37957,21778,85346,72113,495795,494350,,,,,
2017-03-04,,,2,54411,38019,24034,23019,10755,9278,38053,53969,5031,6798,9992,19886,30376,38193,16907,17550,29878,26562,8627,8503,27587,27553,23120,12104,60528,56845,339299,338279,,,,,
2017-03-05,,,0,38764,23501,14119,12283,7698,4911,28278,34263,2745,3899,5284,11471,19003,24120,10192,11903,19524,20058,2827,3946,16172,19566,10334,7106,42872,40126,217812,217153,12:31 PM,Train unloaded passengers at Cub Stn NB 12:31pm due to technical problem.,North Bound,Cubao,CAT 2
2017-03-06,,,0,80666,43085,37480,33044,19472,12473,43282,59006,8633,11453,16942,32841,38203,52638,21636,29808,32849,36611,14293,19218,36619,43896,31962,22120,82158,66957,464195,463150,4:47 PM,Signaling problem occurred at both bounds.,South Bound,Quezon Avenue - Santolan Anapolis,CAT 1
2017-03-07,,,0,77957,45415,37076,34520,17653,12792,42622,61655,8845,11135,17900,32847,39545,52746,23741,30349,33495,35641,16086,19127,40774,43239,33551,21192,80179,67613,469424,468271,3:17 PM,Train unloaded passengers due to technical problem.,North Bound,Ortigas,CAT 3
2017-03-08,,,0,67013,38094,30923,28416,15012,11289,38403,53086,7048,9305,14665,27725,33729,44961,19802,25722,29401,30532,13242,15980,34596,37958,28541,17861,69108,59215,401483,400144,,,,,
2017-03-09,,,0,77186,45026,36931,34366,17613,13216,42162,60765,8590,11270,17740,33224,39316,52343,23213,29737,33952,35511,15670,19242,40918,43451,33952,21143,80314,67137,467557,466431,2:53 PM,Normal operations North - Taft Stations SB/NB resumed.,North Bound,Guadalupe,CAT 1
2017-03-10,,,0,80764,48606,38230,35132,18236,13555,44910,67691,9297,11793,18944,34833,42597,55750,24295,29819,35389,36013,16049,19344,42249,45851,37078,22091,85334,71449,493372,491927,,,,,
2017-03-11,,,0,54852,38449,24565,22912,10831,9065,38549,54487,4930,6800,9757,20101,30139,37716,16778,17704,29637,26756,8442,8384,27560,27603,22855,11956,60832,56576,339727,338509,,,,,
2017-03-12,,,0,38272,23573,14126,12230,7336,4964,28393,32045,2796,3953,5233,11504,18670,23607,9708,11452,18789,19998,2824,3965,16149,19533,10113,7153,39958,38152,212367,212129,9:07 AM,Train unloaded passenger due to technical problem.,South Bound,GMA Kamuning,CAT 2
2017-03-13,,,0,79838,40708,37578,33507,18929,12150,42868,58894,8442,11229,17065,33324,38067,52218,21555,29692,31941,35960,14215,19067,36663,43669,31494,22249,81426,66303,460081,458970,1:52 PM,"Service interruption, provisional service implemented from North - Shaw Blvd Stns NB/SB 2PM.",North Bound,Guadalupe,CAT 4
2017-03-14,,,0,76784,41755,36467,32772,17478,12017,41448,58833,8500,10956,17364,32581,38234,53515,21978,28691,31203,32976,14448,19110,37447,41021,31641,21179,75682,61984,448674,447390,4:10 PM,"Train experienced technical problem 4;10pm, unloaded passengers at Santolan Station NB.",North Bound,Ortigas - Santolan Anapolis,CAT 3
2017-03-15,,,0,78352,46286,38035,35228,17954,13090,44831,63238,9071,11481,18865,34624,41180,53375,24631,30549,34673,35604,16266,19336,41650,45285,34080,21886,83009,71545,482597,481527,,,,,
2017-03-16,,,0,79336,45655,38200,34443,18014,12862,44465,62218,8961,11666,18397,34553,40548,53480,24215,30169,33974,35626,15655,19272,40074,44823,33407,21765,81563,69149,476809,475681,1:12 PM,Train unloaded pax at 1:12pm at Magallanes Stn NB due to technical problem.,North Bound,Magallanes,CAT 2
2017-03-17,,,0,81379,48367,38986,34570,18759,13314,47069,68617,9214,11701,19150,36351,41608,55300,24502,29968,35331,36063,16265,19477,41469,46795,36011,21509,85427,71878,495170,493910,7:00 AM,Train unloaded passengers due to technical problem.,North Bound,Boni Avenue,CAT 3
2017-03-18,,,0,55894,38799,25162,23436,11176,9267,39212,57670,4877,6823,10462,20316,31450,38224,17712,17802,30724,26689,8634,8090,28341,28338,24088,12286,61705,60465,349437,348205,,,,,
2017-03-19,,,0,38128,23427,14461,12060,7395,4700,27771,32149,2670,3828,5306,11501,19002,23969,10147,11935,18831,19679,2953,4045,15743,19480,10207,6950,41670,39879,214284,213602,5:16 PM,Train unloaded passengers due to technical problem.,South Bound,Cubao,CAT 3
2017-03-20,,,0,81143,42519,36816,32634,19047,12211,42995,58389,8422,11014,16817,32644,37872,52113,21630,29786,32315,36194,13749,18935,36172,44209,31697,22221,80303,64617,458978,457486,4:41 PM,"Train experienced technical problem, unloaded passengers at Santolan Station SB 4;48pm",South Bound,Cubao - Santolan Anapolis,CAT 3
2017-03-21,,,0,78885,44772,37332,34368,17895,12546,43035,61744,8486,11197,17742,33186,39097,51981,23357,29548,33468,35058,15275,18857,39709,43634,32732,21619,80101,67715,467114,466225,12:53 PM,Train unloaded pax at Magallanes Stn SB at 12:53pm due to technical problem. ,South Bound,Magallanes,CAT 3
2017-03-22,,,2,77120,44923,37295,34224,17427,12512,42953,61635,8766,11238,18163,32892,39977,52088,23884,29761,33796,35059,15320,18643,39966,43813,33359,21116,82127,71071,470153,468975,6:03 PM,Train experienced technical problem.,North Bound,Quezon Avenue - North Avenue,CAT 3
2017-03-23,,,0,76787,43649,36618,33265,17311,12341,42169,59556,8514,10956,17270,32182,38275,50955,23006,28808,32435,34109,14633,18627,38916,43388,31286,20665,78043,65903,455263,454404,1:12 PM,Train unloaded passengers at Quezon Ave. Station SB at 1:12 PM due to technical problem.,South Bound,Quezon Avenue,CAT 3
2017-03-24,,,0,78916,46961,37372,33640,17664,12650,44319,65946,8833,11067,18321,33618,40528,52999,24371,28768,34429,34236,15207,18662,41263,45099,34040,21362,82309,71299,477572,476307,7:21 AM,Train unloaded passengers at Ayala Station NB at 7:21 AM due to technical problem.,North Bound,Ayala Avenue,CAT 3
2017-03-25,,,0,49718,35082,22623,22169,10179,8897,34686,50593,4584,6158,9225,17451,29940,37787,15777,16705,27290,24636,7928,7761,26534,25654,21842,11343,58832,53338,319158,317574,10:41 AM,Train unloaded passengers due to technical problem.,South Bound,Ayala Avenue,CAT 3
2017-03-26,,,0,37688,23215,13831,11770,7024,4652,27457,31738,2619,3730,5241,11203,18634,23906,9993,11629,18522,19298,2890,3882,15407,18783,9971,6986,41138,38986,210415,209778,,,,,
2017-03-27,,,1,80736,41905,35916,31900,18613,12070,42074,56999,7649,9728,16327,31779,37302,50812,21190,28562,31314,34921,13588,18897,34860,43528,30470,21481,79797,66057,449836,448639,9:00 AM,Train unloaded passengers due to technical problem.,South Bound,Cubao,CAT 3
2017-03-28,,,0,77648,44299,36715,33640,17599,12833,42463,59857,8845,11323,17779,32522,38778,51278,23144,29274,32636,34602,14990,18500,38949,42973,31867,21207,78883,67061,460296,459369,7:54 PM,Train unloaded passengers due to technical problem.,North Bound,Ayala Avenue,CAT 3
2017-03-29,,,0,77038,45001,36804,33472,17007,12507,42453,60406,8655,10879,17578,32556,39161,50772,23628,29159,33048,34245,15015,18444,39641,43423,32035,20986,80110,69240,462173,461090,9:14 AM,Train unloaded passengers at Santolan Stn SB at 9:14am due to technical problem.,South Bound,Santolan Anapolis,CAT 3
2017-03-30,,,0,76988,44066,35905,33109,16590,12259,40910,59361,8149,10918,17220,31888,38493,50189,22994,28561,32276,33338,14957,18029,39139,43018,31694,20738,77196,65756,452511,451230,10:33 AM,Train unloaded passengers at Ortigas Station SB at 10:33 AM due to technical problem.,South Bound,Ortigas,CAT 2
2017-03-31,,,0,80963,47696,37877,33760,17679,13013,45933,66720,8847,11326,17945,34106,41521,54280,24697,29149,34587,35154,15667,18894,41321,45547,35369,21405,82567,72655,484973,483705,5:11 AM,Train unloaded passengers at Kamuning Station SB at 5:11 AM due to technical problem.,South Bound,GMA Kamuning,CAT 3
2017-04-01,,,8,53517,37777,23705,22491,10330,8821,37228,54064,4918,6511,9599,18780,30017,37137,16961,17485,28816,25678,8096,7959,27298,27124,22449,12134,59898,55789,332832,331750,7:18 PM,Train unloaded passengers due to technical problem.,South Bound,Ayala Avenue,CAT 2
2017-04-02,,,0,37699,23203,14113,11906,7357,4752,28196,32869,2565,3722,5098,11399,18594,23625,9967,11254,18833,19496,3059,4107,15722,19155,9836,6836,41309,39619,212348,211943,,,,,
2017-04-03,,,0,83560,43588,37035,32834,18981,12346,43986,59668,8822,11404,16961,32727,37852,52966,22052,29711,32436,35871,14212,19109,36943,44707,31336,22020,82394,68378,466570,465329,,,,,
2017-04-04,,,0,79258,45259,37424,34182,18062,12627,45018,60954,9351,11243,18812,33213,39668,52206,24470,29932,33744,35085,15537,19201,40604,44160,32770,21753,79879,73575,474597,473390,,,,,
2017-04-05,,,0,77629,44603,35237,33342,17158,12448,43243,61779,8717,10735,17727,32078,39198,50982,23903,28783,33086,33973,14918,18204,39381,43344,32647,21046,81683,71797,464527,463114,6:12 AM,"Provisional service lifted, normal operations resumed 06:12am",North Bound,Boni Avenue - Shaw Boulevard,CAT 1
2017-04-06,,,0,78407,45267,36476,33819,16843,12508,43257,61413,8346,10841,17609,32621,38751,51344,23603,28652,33483,34108,15439,18768,39049,43964,32785,20977,79031,67761,463079,462043,5:43 AM,Service interruption experienced due to technical problem. Provisional service implemented  at North Ave - Shaw Blvd Stations 05:45am.,North Bound,Boni Avenue - Shaw Boulevard,CAT 4
2017-04-07,,,0,80821,48532,37682,34402,18036,12922,45929,66623,8911,11084,18611,34604,40255,54082,24877,28972,34949,35038,16083,19006,41739,45712,35471,21734,82832,72077,486196,484788,5:30 PM,Train unloaded pax at Ortigas Stn SB at 5:30pm due to technical problem. ,South Bound,Ortigas,CAT 3
2017-04-08,,,0,53439,37337,23492,22362,10495,8648,38609,54761,4754,6252,9831,19400,29313,36602,16582,16762,28507,25733,8032,8176,27320,27428,22063,11712,59484,55655,331921,330828,4:07 PM,Train unloaded pax at Boni Stn NB at 4:07pm due to technical problem.,North Bound,Boni Avenue,CAT 3
2017-04-09,1,Araw ng Kagitingan ,0,35760,21865,13421,10992,6411,4051,26124,30268,2435,3533,5062,11378,17920,22512,9378,10910,17696,18230,2687,3870,15055,18221,9391,6674,39447,37563,200787,200067,,,,,
2017-04-10,,,0,81251,43163,35911,31902,17852,11800,42702,58652,8289,10853,17149,32426,37191,50863,21485,28426,31669,34709,14268,18903,36226,43635,30743,21618,79966,66384,454702,453334,,,,,
2017-04-11,,,0,75032,42556,34294,30373,15655,11203,40524,58256,8317,10187,16996,30646,37919,52169,21742,27445,31017,32133,14958,18287,37076,41641,30966,19835,74286,62407,438782,437138,3:30 PM,Train unloaded pax at Ortigas stn SB at 330pm due to technical problem.,South Bound,Ortigas,CAT 3
2017-04-12,,,0,72651,47219,32854,30420,14314,11806,41899,68546,7489,8751,16925,28883,37189,47181,21608,25055,32401,29590,13786,15718,37158,38896,32614,18310,77546,66524,438434,436899,10:00 PM,Provisional service was lifted and normal operation resumed at 10:00pm.,South Bound,Magallanes,CAT 1
2017-04-13,1,Maundy Thursday,0,77403.6666666667,45198.6666666667,36260.6666666667,33193.3333333333,16825.3333333333,12548,42842,61873.6666666667,8484.6666666667,10654.6666666667,17863,32366.3333333333,38745.3333333333,51017.6666666667,23547.6666666667,28452,32597.6666666667,33433.3333333333,14905.3333333333,18243.6666666667,38939,43829,33776.3333333333,20910.6666666667,78091.6666666667,67137,460282.333333333,458858,,,,,
2017-04-14,1,Good Friday,0,70045,41305.3333333333,31395.6666666667,27652.6666666667,14508.3333333333,10282.3333333333,39350.3333333333,56636.3333333333,6997.3333333333,8750.3333333333,15385.3333333333,29212,34983,49087.6666666667,20283.6666666667,23335.6666666667,29080.6666666667,28737.6666666667,12005.6666666667,14273,34052,37167.6666666667,28071,16583.6666666667,67741.3333333333,59595.3333333333,403899.333333333,402619.666666667,,,,,
2017-04-15,1,Black Saturday ,0,51618,36024.25,22923,21699.5,10086.25,8301,36304.75,51741.5,4595.75,6040.25,9460.75,18852.5,28618.5,35822.75,15848.75,16091.25,27305.75,24417.25,7583,7661.75,25937,26302.25,21391.25,11421,57055.25,53280.25,318728,317655.5,,,,,
2017-04-16,,,4,35805.5,22207.5,13363.5,11318,6606,4415.75,26320.75,31125.5,2447.5,3510.75,5041,11417.75,17964.25,22694,9520.75,10601.75,17912,18100.75,2804.25,3830,14989.75,17991,9457.75,6474,39729.75,37660.75,201962.75,201347.5,,,,,
2017-04-17,,,0,77287,40778,33789,29623,15278,10764,40721,53686,8218,10183,15362,29316,35276,51069,19652,26191,29144,33001,12890,17223,30986,40379,28205,19552,74263,59870,421071,421635,8:48 PM,Service interruption experienced due to technical problem at 8:48pm. Provisional service implemented from North Ave - Shaw Blvd Station and vice versa at 9:00pm.,South Bound,Magallanes,CAT 4
2017-04-18,,,0,72229,38329,33161,29724,16393,11626,39538,53136,7968,12005,16362,29862,36966,55873,22138,27440,30754,32074,14379,17493,36134,40949,31771,19786,76476,64125,434269,432422,1:46 PM,Train unloaded passengers due to a technical problem.,North Bound,Magallanes,CAT 2
2017-04-19,,,3,73598,43055,35078,32496,16562,12199,39637,58458,8269,10207,17090,30255,37057,48826,23179,28283,31588,32795,13909,17564,37690,41224,31897,19803,78000,66849,443554,442014,6:32 AM,MRT-3 resumed normal operation.,North Bound,Magallanes - Ayala Avenue,CAT 4
2017-04-20,,,37,75390,43404,35353,32157,16450,12048,41376,58653,8330,10367,17160,31041,37473,49078,22893,28120,31488,33168,14210,18052,37026,42520,32226,20374,77636,66493,447011,445475,5:56 AM,Provisional Service implemented from North Avenue to Shaw Blvd Stn & vice versa at 5:56am due to tracks failure.,North Bound,Magallanes - Ayala Avenue,CAT 4
2017-04-21,,,0,78241,45809,36209,33011,17199,12596,42419,64498,8510,10538,18144,32781,39755,51625,23896,28267,33060,33222,15311,18651,40784,44693,34710,20658,80250,70515,468488,466864,1:54 PM,Train unloaded pax at Boni Station SB at 1:54pm due to technical problem.,South Bound,Boni Avenue,CAT 3
2017-04-22,,,25,51287,36550,22931,21688,10512,8387,36578,51504,4834,6029,9553,18498,28576,35734,16105,16306,26846,23989,8059,8044,26801,27350,21495,11610,56844,53567,320421,319256,,,,,
2017-04-23,,,1,35357,22129,13242,11675,6699,4607,26050,30766,2487,3532,4732,10425,17665,22095,9497,10729,17861,18119,2817,3917,15033,17957,9483,6498,39457,37185,200380,199634,,,,,
2017-04-24,,,0,79622,42733,35019,31122,17571,11831,39565,56999,8397,10025,16771,30470,36681,52233,21416,28076,30194,32797,14191,17518,35761,39978,30873,20454,74782,64643,440843,438879,12:14 PM,Train unloaded passengers at Santolan Station SB at 12:14 PM due to technical problem. ,South Bound,Santolan Anapolis,CAT 2
2017-04-25,,,0,76882,44598,35827,33183,17318,12682,41837,59921,8804,11090,17818,31447,37981,50299,23325,28540,32454,34221,14970,18543,38997,43250,33957,21598,78283,67401,458453,456773,7:22 AM,Train unloaded passengers at Cubao Station SB at 7:22 AM due to technical problem.,South Bound,Cubao,CAT 3
2017-04-26,,,0,77921,46661,36202,33600,17586,13014,42227,62471,9160,11025,19196,33684,40698,52926,24529,29492,33944,34994,16280,19097,41818,44554,35338,21901,82158,72085,477057,475504,,,,,
2017-04-27,,,19,78414,46925,36953,33604,17183,13088,43893,65555,8778,10756,18820,33437,40012,52631,24147,28584,32822,33024,15067,17911,40742,45003,36318,21381,77608,67157,470757,469056,7:30 PM,Peak hour period extended by Management to around 8:30PM.,North Bound,North Avenue - Taft Avenue,CAT 1
2017-04-28,,,0,51073,29575,20296,15545,8290,5329,29703,38788,3571,4629,9401,20251,24939,41556,12078,12768,19233,17953,4623,5162,19633,21098,14032,7359,40142,36194,257014,256207,4:36 PM,Train unloaded passengers due to technical problem.,South Bound,Cubao,CAT 3
2017-04-29,,,0,48229,32433,21564,20257,9008,7348,32804,46637,3877,5369,8860,18732,26568,33818,13747,13812,25054,22269,6145,6468,22329,23307,19558,10228,51995,48110,289738,288788,,,,,
2017-04-30,,,0,34406,21633,12678,10699,5957,4253,24913,30599,2303,3256,5272,12469,17678,22544,9241,9514,17258,16558,2654,3426,14149,16631,9121,5888,38706,36276,194336,193746,5:33 AM,Train unloaded passengers at Santolan Station SB at 5:33AM due to technical problem.,South Bound,Santolan Anapolis,CAT 3
2017-05-01,1, Labor Day ,0,38947,19797,13478,10912,6884,3687,24731,28128,2204,3086,4661,12348,16268,23062,8435,11585,14971,17497,2547,4891,13843,19726,9323,7809,39499,32685,195791,195213,,,,,
2017-05-02,,,0,80481,45090,36732,33760,18371,12612,41746,62405,8958,11295,18076,31546,39736,52076,23803,29750,33037,36431,15096,19265,39641,43466,34276,22114,83484,72096,473437,471906,,,,,
2017-05-03,,,1,76578,44418,36106,33243,17207,12482,41444,60924,8835,11058,17907,31471,38786,50577,23969,28967,33202,34636,14776,18426,38553,43100,33258,21306,83631,72211,464252,462819,,,,,
2017-05-04,,,0,75241,43603,35294,32973,16400,12262,40073,58984,8558,10705,17397,31069,38316,49647,23295,28315,32508,33551,14709,18510,38572,42564,31997,20941,78685,66837,451045,449961,,,,,
2017-05-05,,,0,78639,46482,36661,33696,17257,12751,42461,64979,8935,10801,18907,32955,38963,52106,24234,28320,34017,33909,15251,18687,40528,44885,35012,21329,82476,70887,473341,471787,12:45 PM,Train unloaded pax at Ortigas Stn NB at 12:45 PM due to technical problem. ,North Bound,Ortigas,CAT 3
2017-05-06,,,0,52593,36151,22935,21350,10197,8366,37772,53370,4735,6041,9780,18386,28893,35692,16078,15751,26542,25010,8023,7945,26120,26599,21686,11795,58598,56051,323952,322507,,,,,
2017-05-07,,,2,37038,23072,13391,11325,6719,4526,27048,30927,2433,3406,5110,10775,18319,22532,9477,10859,17610,18199,2852,3796,15058,17959,9339,6682,40226,39982,204620,204040,,,,,
2017-05-08,,,0,78952,41774,36193,31731,17693,11864,39450,57096,8171,10425,16912,30968,36804,49906,21402,28122,31255,34556,13527,18256,35207,42583,30843,21426,79918,66271,446327,444978,10:46 AM,MRT3 resumed normal operation at 10:46am. ,North Bound,Ortigas,CAT 1
2017-05-09,,,0,76283,43223,35384,32648,16657,12071,38137,58833,8620,10430,17566,30568,38001,48910,22872,27706,31114,33537,14110,18030,37580,42366,32355,20990,79549,67564,448228,446876,,,,,
2017-05-10,,,0,76471,44339,35465,32693,16774,12252,41042,59004,8671,11015,17730,31140,38186,50364,23514,28215,32720,33805,14286,18183,37801,43122,33231,21062,80456,69433,456347,454627,10:42 AM,Train unloaded pax at Ortigas Stn NB at 10:42am due to technical problem.,North Bound,Ortigas,CAT 4
2017-05-11,,,0,75409,43699,34971,32635,16201,12089,40891,59310,8393,10825,17531,31253,37166,49757,23107,28140,32390,33088,14396,17890,38847,42386,32076,20777,78184,66403,449562,448252,8:47 AM,MRT3 resumed normal operation at 8:47am.,South Bound,Ayala Avenue - Magallanes,CAT 1
2017-05-12,,,0,74941,43850,34167,30068,15981,10987,38719,59125,8596,9063,17360,30141,37490,55144,21117,25174,27917,30345,13310,14554,36796,37898,32269,16968,69555,62166,428218,425483,7:12 AM,Provisional Service implemented from North Avenue to Shaw Blvd Stn & vice versa at 7:12am due to technical problem.,South Bound,Ayala Avenue - Magallanes,CAT 4
2017-05-13,,,0,51567,37313,22187,21114,10059,8380,35667,52419,4743,5996,9665,18020,29126,35293,16105,16086,27078,24506,7709,7544,26700,26613,21987,11405,57575,54274,320168,318963,10:25 AM,Train unloaded passengers due to technical problem.,South Bound,Shaw Boulevard,CAT 3
2017-05-14,,,0,37605,23353,13536,11706,7125,4481,26777,31752,2526,3513,5621,11872,18619,23680,9954,10752,18002,18702,2816,3847,15565,18727,10032,6947,41002,39157,209180,208489,4:02 PM,Train unloaded passengers due to technical problem.,South Bound,Shaw Boulevard,CAT 3
2017-05-15,,,0,78873,41372,34990,30423,17647,11505,39153,55346,8188,10306,16650,30089,35405,49230,21543,27244,30289,34246,12712,17628,32828,42296,30292,21271,79069,65208,437639,436164,3:40 PM,"Provisional service operations lifted, normal operations resumed.",North Bound,Quezon Avenue,CAT 1
2017-05-16,,,0,76958,42441,34966,31256,16671,11645,39092,57083,8689,10323,16887,29899,36800,49118,22266,27484,30644,32910,12544,18316,33942,41745,31298,20664,79019,65373,439776,438257,3:14 PM,Provisional service implemented from Shaw - Taft NB/SB due to technical problem.,North Bound,Quezon Avenue,CAT 4
2017-05-17,,,0,72971,39799,34125,31501,15893,11846,38764,55034,8099,11083,16449,30054,36890,49533,22578,27761,30621,32383,12791,17368,35750,40698,32111,20162,78429,66320,435471,433542,2:55 PM,Train unloaded passengers due to technical problem.,North Bound,Quezon Avenue,CAT 3
2017-05-18,,,0,73843,42053,33998,31188,15763,11260,39423,57175,8204,9878,16701,29601,35893,47383,22132,27018,29886,32240,13077,17459,35446,41246,30883,20070,76336,63729,431585,430300,6:28 AM,Train unloaded passengers at Shaw Blvd. Station at 6:28 AM due to technical problem.,North Bound,Shaw Boulevard,CAT 3
2017-05-19,,,0,76527,44605,35582,31518,16144,11630,40651,61297,8259,9991,17283,30292,37566,49575,22908,26908,31367,32336,13697,17597,36896,42749,32987,20369,78729,67805,448596,446672,2:15 PM,Train unloaded passengers due to technical problem.,South Bound,Quezon Avenue,CAT 3
2017-05-20,,,0,50625,36272,21822,20927,9552,8219,34255,49855,4773,5950,8917,17320,28025,34320,15546,15650,26621,23754,7248,7516,25237,25744,21437,11342,56297,52168,310355,309037,8:20 AM,Train unloaded pax at Cubao Stn NB at 8:20am  due to technical problem.,North Bound,Cubao,CAT 3
2017-05-21,,,1,36459,23413,13214,10907,7173,4678,27577,32103,2514,3363,4658,10366,18268,22576,9709,11100,17891,18959,2667,3776,15512,18309,9800,6754,40946,39266,206388,205570,,,,,
2017-05-22,,,4,77289,40572,34521,30119,16821,11386,36781,55560,8131,9670,16340,29144,35470,47243,20788,26648,29469,33115,12568,17397,33558,40762,29146,20520,76228,63574,427110,425710,11:16 AM,Train unloaded passengers at Quezon Station SB at 11:16 AM due to technical problem.,South Bound,Quezon Avenue,CAT 2
2017-05-23,,,12,75527,42052,34456,31372,16303,11750,38018,56642,8299,10168,16648,29745,36439,47932,21845,27173,30173,32514,13486,17383,35752,40968,31048,20356,76015,64494,434009,432549,7:20 AM,Train unloaded passengers due to technical problem.,South Bound,Ayala Avenue,CAT 3
2017-05-24,,,0,73436,42117,34608,31360,15836,11566,38558,56669,8153,9985,16567,29541,36452,47234,22539,27065,29826,32010,13397,17424,36053,40972,31252,19930,76685,65800,433362,431673,9:32 PM,Train unloaded passengers due to technical problem.,South Bound,Cubao,CAT 3
2017-05-25,,,0,73687,41753,33965,30920,15669,11656,38405,56689,8221,10246,16335,29371,36400,47954,21726,26738,30247,31546,13304,17312,36035,40902,30816,19867,75580,64002,430390,428956,,,,,
2017-05-26,,,1,75702,44563,35600,31869,16572,11778,41442,62745,8768,10446,17752,30392,37975,49393,23067,26823,31208,32524,13856,17601,37565,42598,33130,20538,78355,68007,450992,449277,10:13 AM,Train unloaded pax at 10:13am at GMA Kamuning Stn NB due to technical problem.,North Bound,GMA Kamuning,CAT 3
2017-05-27,,,2,50588,35074,21672,20774,9883,8247,34607,50264,4546,5897,9024,17632,27572,34440,15592,15671,26016,23749,7117,7186,25266,25816,20802,11221,56321,51751,309006,307722,8:30 AM,Train unloaded pax at Ortigas Stn SB at 8:30am due to technical problem.,South Bound,Ortigas,CAT 3
2017-05-28,,,33,36147,22469,13136,11184,7171,4489,26337,30742,2501,3452,4756,10558,17978,22627,9669,10863,18024,18422,2677,3701,15053,18217,9518,6600,40358,39288,203325,202612,10:06 PM,Train unloaded passengers at Santolan NB at 10:06PM due to technical problem.,North Bound,Santolan Anapolis,CAT 3
2017-05-29,,,2,71332,39881,32232,29831,16827,11186,37459,54274,8144,9856,15863,27324,34983,45308,20272,26051,28924,31946,12331,16284,33351,39012,28837,20102,75184,62998,415739,414053,12:36 PM,"Train experienced technical problem, unloaded passengers.",South Bound,Boni Avenue,CAT 2
2017-05-30,,,74,76264,44155,34892,31512,16649,11796,39908,58115,8536,10184,17152,30329,36255,48620,21937,27630,31088,33099,13781,17524,36714,42062,31736,20324,76800,64879,441712,440229,,,,,
2017-05-31,,,0,76092,45189,35691,32001,16716,12078,41371,59139,8525,10755,16798,30812,38037,49701,23754,28410,32575,33706,13654,17569,37487,42688,31977,20652,79859,68299,452536,450999,8:12 PM,Train unloaded passengers at Boni Ave. Station SB at 8:12 PM due to technical problem.,South Bound,Boni Avenue,CAT 3
2017-06-01,,,0,75721,44512,35037,31874,16320,11895,41651,59041,8551,10527,16814,30185,37921,49759,23303,28163,31862,33135,13633,17574,37941,42551,31839,20353,77437,66697,448030,446266,6:54 PM,Train unloaded passengers at Ortigas Station NB at 6:54 pm due to technical problem.,North Bound,Ortigas,CAT 3
2017-06-02,,,0,74082,45319,33145,31310,16142,11978,39700,63503,8563,10231,17389,29246,37915,48557,23253,27055,32890,32362,14262,16818,38990,42608,33388,20117,78623,67307,448342,446411,3:00 PM,Normal operation at Ayala Station resumed.,South Bound,Ayala Avenue,CAT 1
2017-06-03,,,0,51934,36726,22453,21576,10171,8418,35711,51387,4881,6373,9010,17411,28527,35424,16153,16092,27793,25029,7380,7300,26524,27292,21642,12080,57672,53397,319851,318505,,,,,
2017-06-04,,,12,36173,22571,13196,11225,7152,4497,26568,31063,2463,3357,4644,10245,18164,22447,9750,11321,18035,18725,2747,3700,15720,19009,9534,6803,39816,38022,203962,202985,1:55 PM,Trains not stopping at Ayala Station NB/SB due to thick smoke at unpaid area.,North Bound,Ayala Avenue,CAT 1
2017-06-05,,,0,75391,39422,33905,29549,16554,11033,38431,53701,7600,9916,15346,28635,34410,47095,20823,27336,29212,33440,12837,18525,30829,37866,29114,20757,74392,60269,418844,417544,6:09 AM,Train unloaded passengers due to technical problem.,South Bound,GMA Kamuning,CAT 3
2017-06-06,,,0,74346,43073,34036,31695,15942,11821,38969,57794,8147,10140,16904,29402,36918,48679,22242,27677,30962,32799,14109,17558,37342,41018,32213,20711,74728,63305,436858,435672,,,,,
2017-06-07,,,8,73187,44412,33821,31430,16411,11933,39802,58567,8343,9919,17614,29800,37076,48342,22494,27615,31382,32967,14345,17627,37719,41093,32340,20384,76429,65435,440963,439524,2:27 PM,Train unloaded pax at 2:27pm at Cubao Stn NB due to technical problem.,North Bound,Cubao,CAT 2
2017-06-08,,,2,72772,42950,33947,31467,16589,11944,39411,57299,8265,10327,16709,30136,36738,48261,22376,27629,31052,32605,14095,17364,37565,40909,31419,20179,73580,61925,434518,432995,5:05 PM,Train unloaded pax at Cubao Stn NB due to technical problem.,North Bound,Cubao,CAT 2
2017-06-09,,,38,75404,46874,35521,32706,17482,12513,42273,65497,8979,10505,18292,31431,39181,50749,23709,28068,32333,33357,15070,18090,40415,43185,35083,20683,77706,66485,461448,460143,,,,,
2017-06-10,,,18,48697,34496,21107,20031,9759,8056,32973,50139,4555,6007,8497,17238,26835,33568,15090,15040,25699,22900,7052,7061,24720,24631,20903,10879,53727,48458,299614,298504,,,,,
2017-06-11,,,18,32304,21317,12476,10463,5990,4079,23644,28885,2280,3272,4403,9826,16291,20433,8761,9379,16431,16104,2687,3336,14649,17357,8878,5888,35528,33409,184322,183748,2:17 PM,Train unloaded pax at GMA Kamuning Stn NB at 2:17 PM due to technical problem.,North Bound,GMA Kamuning,CAT 3
2017-06-12,1, Independence Day,0,33439,16972,11745,9180,6336,3199,20065,23615,2064,2898,3954,10348,14116,19599,7451,10275,13297,15141,2389,4341,12202,17120,8102,6799,31601,26723,166761,166210,1:26 PM,Train unloaded passengers due to technical problem.,North Bound,Magallanes,CAT 3
2017-06-13,,,0,72600,38717,33071,28600,17108,11064,36484,52867,8143,12291,16764,29176,36795,53302,21585,27636,30370,32952,14118,17548,36209,40693,31909,20778,75806,62514,430962,428138,11:40 AM,Train unloaded passengers due to technical problem.,South Bound,Buendia,CAT 3
2017-06-14,,,0,74377,38350,33559,28356,16907,10791,38627,51693,8309,10263,15456,29485,32973,46679,20757,25744,29349,31813,11185,17311,28088,40560,27982,19968,75110,60076,412679,411089,11:40 AM,Train unloaded passengers due to technical problem.,South Bound,Buendia,CAT 3
2017-06-15,,,3,63564,35044,29461,26065,15174,9961,32241,48474,7655,8860,15149,26148,31548,41410,18241,23218,25881,28416,11212,15327,27149,35851,26903,18393,69091,54434,373269,371601,3:30 PM,Train unloaded pax at Santolan Stn SB at 3:44pm by reverse movement due to technical problem.,South Bound,Santolan Anapolis,CAT 4
2017-06-16,,,0,69893,41748,32684,29526,15912,11468,39599,59052,8249,10507,16394,29865,35931,48044,21940,26143,30925,31753,13494,16091,35545,39504,32587,19461,73952,62595,427105,425757,10:04 AM,"Train experienced technical problem, unloaded passengers at Quezon Ave Station NB 10:06am.",North Bound,GMA Kamuning - Quezon Avenue,CAT 2
2017-06-17,,,0,51238,36586,21663,20920,10216,8172,35045,51847,4714,6299,9426,18617,28454,35574,15774,15813,27167,24415,7494,7611,25365,25560,22151,11615,56611,51451,315318,314480,,,,,
2017-06-18,,,0,35438,22447,12959,10858,6956,4380,24922,29394,2442,3393,4778,10539,17354,21796,9444,10657,17461,18344,2681,3541,14512,17471,9241,6776,37373,35399,195561,194995,,,,,
2017-06-19,,,23,74636,40834,33742,29655,18076,11653,39979,54387,8376,10416,16218,29304,35000,48553,21284,27880,30233,34621,13165,17347,33945,40813,29971,20720,75025,62268,429650,428451,6:26 AM,Train unloaded passengers due to technical problem.,South Bound,Ortigas,CAT 3
2017-06-20,,,10,71521,42989,32915,30868,16688,11733,38698,56420,8662,10108,17290,29757,36601,49062,22562,28732,30642,32865,14129,17728,37071,39941,32789,19816,72741,61018,432309,431037,9:48 PM,Train unloaded passengers due to technical problem.,North Bound,Magallanes,CAT 3
2017-06-21,,,1,72529,43320,34533,31510,17060,12028,40460,58114,8480,10372,17270,30828,36216,49350,22832,28611,31931,33718,14016,17445,37107,41186,33433,20475,76887,64534,442754,441491,,,,,
2017-06-22,,,3,71208,42116,34671,31234,17486,11715,39758,56666,8393,10419,17114,30469,35156,48040,22493,28297,30580,32933,13343,17355,37257,40859,31794,20141,74872,62931,434125,433175,7:15 PM,Train unloaded passengers due to technical problem.,North Bound,Ayala Avenue,CAT 3
2017-06-23,,,0,74921,43855,35977,31331,18077,12153,41543,62552,8792,10753,17937,32364,36627,50274,23014,27864,31642,32866,13359,17794,35766,42655,34987,20654,78975,64879,451617,449994,6:47 AM,Provisional Service lifted and normal operation resumed at 6:47 am.,North Bound,Cubao - GMA Kamuning,CAT 1
2017-06-24,,,3,51340,36336,22587,21607,10821,8364,35166,52209,4465,6098,9319,18524,27872,35412,15909,16403,27408,24507,7311,7203,25787,25498,22478,11959,55483,50910,315946,315030,,,,,
2017-06-25,,,0,34016,22598,12980,11364,6138,4333,25085,30612,2368,3360,4519,10304,17164,21499,9206,10082,17353,17114,2806,3484,15254,18047,9790,6517,38400,35293,195079,194607,,,,,
2017-06-26,1, Eid'l Fitr,0,45830,22964,16402,12968,8595,4298,26694,31529,2630,3948,6081,14467,18329,26387,9933,13919,16965,20365,3237,5862,15928,22601,11614,9443,42291,35301,224529,224052,,,,,
2017-06-27,,,23,76686,42848,36644,32145,19651,11942,41524,58405,9158,11376,17141,31589,36621,51192,22607,29970,31585,35643,14259,18387,36408,42610,33317,21436,78642,65734,454243,453277,,,,,
2017-06-28,,,7,72104,43692,34142,32476,17882,12076,40823,58489,9059,10512,18031,30984,36231,48846,22448,28484,31208,33575,13805,17482,37314,40741,33511,20425,76669,64342,443227,442124,5:57 AM,Provisional Service implemented from Shaw Blvd to Taft Ave Stn and vice versa at 5:57am.,North Bound,Cubao - GMA Kamuning,CAT 4
2017-06-29,,,2,66543,41374,32061,30072,17162,11799,38498,56444,8607,10065,16661,29420,35851,49518,22048,27581,29963,32095,14115,16410,37105,39623,32250,19484,74930,60846,425794,424731,7:46 AM,Normal operation resumed at 7:46AM from North Ave. Station to Taft Ave. Station. ,South Bound,Boni Avenue - Guadalupe,CAT 1
2017-06-30,,,10,78049,47492,37245,33318,20313,13189,45081,67327,10112,11480,21350,34072,40368,53146,24587,29567,34194,35608,15979,18232,40818,44768,35341,21749,80994,72883,484431,482831,7:19 AM,Service interruption at Boni Station SB at 7:19 AM due to technical problem.,South Bound,Boni Avenue,CAT 4
2017-07-01,,,1,53934,38353,23150,22347,10984,8841,37152,54709,5060,6670,9714,19566,29859,37795,16997,17379,28404,26130,7738,7461,26887,26679,23581,12151,59001,53524,332461,331605,8:35 AM,Service interruption experienced due to Signaling problem.,South Bound,North Avenue - Quezon Avenue,CAT 4
2017-07-02,,,34,36244,22035,12896,10889,6912,3895,25876,30713,2480,3494,4737,10321,17544,22369,9520,11172,17441,18525,2671,3642,14875,18039,9316,6740,38377,36604,198889,198438,,,,,
2017-07-03,,,29,75913,41301,35730,30651,19794,11990,40289,56658,9032,11087,16316,30876,35811,50274,21959,28950,31278,35851,13850,17881,35587,42025,30730,21676,77954,64158,444243,443378,5:29 PM,Train unloaded passengers due to technical problem.,North Bound,Ayala Avenue,CAT 2
2017-07-04,,,1,72323,42761,34994,31923,17159,12083,39246,57915,8897,10922,17119,30337,35997,48518,22700,28381,31629,34128,14773,17386,37712,40228,31603,20063,75002,63678,439154,438323,2:51 PM,Train unloaded passengers due to technical problem.,North Bound,Ayala Avenue,CAT 3
2017-07-05,,,4,73410,39490,34182,29483,17231,11441,37398,53369,8287,10027,15859,30097,34040,50544,20849,26480,30063,31427,12994,16898,31936,39531,29275,19570,73848,59617,419372,417974,7:18 PM,Train unloaded passengers due to technical problem.,North Bound,Cubao,CAT 3
2017-07-06,,,0,74838,42871,35740,31543,16981,12433,40236,58133,8401,11110,16934,31445,35987,49932,22702,28966,31895,34120,14482,17808,37514,42179,32706,20382,76968,63654,445384,444576,3:28 PM,Train unloaded passengers due to technical problem.,North Bound,Ayala Avenue,CAT 3
2017-07-07,,,0,77134,46723,37057,32769,18156,13058,43855,64698,9137,11406,17917,33372,38892,52702,23887,28988,33930,35137,15172,18188,39911,43488,35601,21242,81329,69044,471978,470815,,,,,
2017-07-08,,,7,52183,37507,22993,21586,10679,8667,36319,52105,4647,6426,9436,18885,28697,36948,16122,16641,27685,25522,7588,7408,25872,25927,21992,11392,59156,53304,323369,322318,7:43 PM,MRT-3 resumed operation.,South Bound,Santolan Anapolis - Ortigas,CAT 4
2017-07-09,,,0,35615,22225,13729,11818,7217,4432,25598,29653,2459,3525,4910,10606,17641,22489,9393,11045,17700,18658,2840,3931,14819,17985,9564,6844,38785,36602,200270,199813,,,,,
2017-07-10,,,20,78732,42231,35938,31039,19524,12001,40896,56894,8447,11101,16207,31491,35785,50988,21548,29021,31442,35420,13330,18110,34798,42419,30529,21551,79405,63300,446581,445566,,,,,
2017-07-11,,,4,75018,43249,35103,32242,17436,12618,39916,58452,8538,11175,16646,31192,36308,49554,22721,28744,31992,33956,14879,17906,37595,41376,32352,20882,77197,63257,445701,444603,7:14 PM,MRT-3 operation temporarily stopped due track problem.,South Bound,Santolan Anapolis - Ortigas,CAT 4
2017-07-12,,,0,74044,42688,34210,31825,17314,12192,38790,56546,8369,10489,16675,30510,36344,49024,22586,28362,31853,33060,13914,17626,35123,40837,31880,20407,77823,64345,438925,437911,,,,,
2017-07-13,,,2,74480,44876,35018,32215,17299,12146,40629,58440,8695,10839,17488,31954,36858,50282,22847,28781,31808,34120,14722,17770,37757,41585,33938,20352,76298,63336,447837,446696,8:55 AM,Train unloaded passengers at Cubao Station SB at 8:55 am due to technical problem.,South Bound,Cubao,CAT 3
2017-07-14,,,18,77600,48027,36299,32343,18562,12480,42588,64164,9244,11391,18289,32393,39518,52602,23467,28113,33151,34376,14530,17977,38341,43355,34450,20727,81333,67384,467372,465332,7:22 AM,Train unloaded passengers at Buendia NB at 7:22 AM due to technical problem.,North Bound,Buendia,CAT 3
2017-07-15,,,13,55111,41895,24230,23673,10967,9491,37072,55436,4782,6612,10415,20117,31383,38760,17608,17719,29437,26217,8293,7994,28235,27323,25585,12572,61630,55644,344748,343453,3:22 PM,Train unloaded passengers due to technical problem.,South Bound,Guadalupe,CAT 2
2017-07-16,,,0,38489,25588,14202,12087,7675,4581,27012,32486,2592,3677,5221,11265,19170,23463,10426,11816,19046,19628,2846,3731,15752,18956,10265,7088,41456,39161,214152,213527,5:27 PM,Train unloaded passengers due to technical problem.,North Bound,Magallanes,CAT 2
2017-07-17,,,1,77836,41482,35829,30456,19398,11856,41567,56772,8583,11107,16761,31687,34924,50783,21315,28945,31575,35439,13408,17600,34997,42552,30689,21548,78369,63936,445251,444163,3:01 PM,Train unloaded passengers due to technical problem.,North Bound,Guadalupe,CAT 2
2017-07-18,,,0,75924,44457,35764,32604,18131,12600,40898,59244,8853,11269,17154,31997,37753,51211,23329,29562,32605,34839,14928,18339,38919,42465,33466,21045,78825,65861,456549,455493,7:18 PM,Train unloaded passengers due to technical problem.,South Bound,GMA Kamuning,CAT 3
2017-07-19,,,3,74819,43527,35281,32399,17797,12384,40348,59230,8585,10951,17002,32119,37348,50763,23290,29077,32571,33840,14728,18204,39061,42497,33023,20897,78477,65599,452330,451487,10:06 AM,Train unloaded passengers due to train failure.,South Bound,Quezon Avenue,CAT 3
2017-07-20,,,14,75017,43329,35556,32416,17492,12216,40039,58642,8583,10989,16881,31772,37005,50493,23306,28734,32350,33978,14462,17983,38307,42281,32432,20757,76667,63668,448097,447258,9:30 PM,Train unloaded pax at Santolan Stn NB at 9:30 pm due to technical problem.,North Bound,Santolan Anapolis,CAT 3
2017-07-21,,,2,77712,46790,37048,32998,18128,12883,41884,65268,8723,11184,17672,33086,39329,52908,24061,28808,33950,35040,15332,18440,41756,44380,35087,20953,81710,68484,472392,471222,,,,,
2017-07-22,,,6,51130,36325,22629,21500,10064,8975,35004,51184,4508,6368,9335,18479,28509,35688,16004,17212,27868,25115,7869,8160,26724,25935,22601,11969,57951,51854,320196,318764,5:00 PM,Train unloaded pax at Ayala Stn SB at 5:00 pm due to technical problem. ,South Bound,Ayala Avenue,CAT 3
2017-07-23,,,0,36644,22653,13880,11615,7241,4391,25947,30771,2425,3566,4822,10454,17574,22654,9475,11136,17655,18685,2732,3834,15036,18381,9677,7001,39633,37054,202741,202195,,,,,
2017-07-24,,,0,74559,39882,31826,27189,17059,10439,38728,52817,7278,9929,15254,29409,33360,47676,20307,27081,28876,32390,11977,17070,31887,40452,28618,20515,74478,58511,414207,413360,3:33 PM,Provisional service lifted at 3:33 pm and normal revenue operation resumed.,North Bound,Shaw Boulevard - Taft Avenue,CAT 1
2017-07-25,,,35,76047,44856,36052,32734,17891,12707,39917,59198,9063,11326,17597,32222,37702,51434,23244,29774,32605,34713,15045,18272,39464,42811,34311,21162,78599,65509,457537,456718,,,,,
2017-07-26,,,82,71740,43300,34571,31479,17373,11946,38850,57737,8447,10421,17151,31303,36896,49721,23574,28764,31827,33891,14583,17415,38958,41995,33771,20089,75732,64645,443473,442706,3:00 PM,Provisional Service implemented at 3pm from Shaw to Taft Avenue Stn and vice versa due to technical problem.,South Bound,Shaw Boulevard - Taft Avenue,CAT 4
2017-07-27,,,76,64965,37842,30463,27183,13894,9749,34686,50764,7040,9306,14334,27445,32525,43779,20216,24906,27399,29141,12711,15757,34410,37443,27919,18190,65854,54713,386416,386218,6:12 AM,Train unloaded passengers due to technical problem.,South Bound,Shaw Boulevard,CAT 3
2017-07-28,,,20,72478,43908,34395,30467,16186,11413,40666,62954,8226,10377,16830,31500,37385,50111,22592,26861,31585,31947,14627,17217,40055,42861,33244,19432,74384,62737,442653,441785,,,,,
2017-07-29,,,3,49452,35559,22198,21339,9872,8774,34694,51430,4407,6544,9505,19116,29199,38235,16198,16758,28036,24576,7992,7469,26446,26002,23507,11573,57740,50681,319246,318056,10:08 PM,Train unloaded passengers due to technical problem.,North Bound,Santolan Anapolis,CAT 3
2017-07-30,,,2,36984,23758,13695,11576,7399,4471,27069,31700,2515,3594,5354,11619,18702,23458,10272,12298,18278,19327,2898,3859,15167,18077,10209,7147,40770,37546,209312,208430,9:44 PM,Train unloaded pax at 9:44 pm at Boni Stn NB due to technical problem.,North Bound,Boni Avenue,CAT 3
2017-07-31,,,5,80079,43950,37396,32752,20766,12495,40808,58473,9056,11484,17274,32564,37151,52667,22335,29474,32630,36463,13884,18386,36934,43985,31991,22197,81362,65793,461666,460683,8:47 AM,Train stopped moving due to technical problem.,South Bound,Magallanes - Taft Avenue,CAT 3
2017-08-01,,,11,77807,45055,36898,33549,18501,12728,41788,59316,9378,11811,18129,32689,37979,51836,23804,30038,33533,35281,14598,18853,35962,43003,35106,21344,79608,66408,463091,461911,7:49 AM,Train unloaded passengers due to technical problem,South Bound,Cubao,CAT 2
2017-08-02,,,77,75555,44278,36145,32855,17411,12258,40069,59515,8828,11335,16861,31713,37324,50699,23737,29778,33046,34454,15079,18265,39019,42284,33944,20873,78857,66585,455875,454892,9:01 PM,Normal operation resumed from North Ave. Station to Taft Ave. Station and vice versa at 9:01PM.,South Bound,North Avenue - Quezon Avenue,CAT 1
2017-08-03,,,0,75033,43950,34216,32762,16807,12584,39656,60184,8650,11060,17335,31822,37732,49821,23534,29013,32639,34198,15477,17955,39016,43124,34844,20884,78306,64709,453245,452066,8:48 PM,Service interruption due to Signaling problem at North Ave. Station to Quezon Ave. Station SB at 8:48 PM.,South Bound,North Avenue - Quezon Avenue,CAT 4
2017-08-04,,,0,78665,48297,37428,33877,18638,13390,43672,66590,9264,11709,18955,34491,39923,53880,24690,29498,35142,35748,15730,18806,41463,46020,37906,21697,84046,70376,485522,484379,2:11 PM,Train unloaded pax at 2:11pm at Santolan Stn SB due to technical problem. ,South Bound,Santolan Anapolis,CAT 2
2017-08-05,,,7,52662,39075,23500,22967,10960,9382,37300,55138,5032,6813,9942,19248,29582,37177,16990,17735,29309,26123,8398,7858,28069,27607,24358,12040,60723,54697,336825,335860,6:30 PM,Service Interruption due to train door failure at interstation of Santolan Cubao NB at 6:30 pm.,North Bound,Santolan Anapolis - Cubao,CAT 4
2017-08-06,,,18,39221,25728,13870,12057,7768,5052,28548,32251,2680,3746,4847,10853,18311,23204,10230,11849,19889,20679,2964,3944,15602,18858,10075,7312,41483,39499,215488,215032,,,,,
2017-08-07,,,3,80067,42341,36694,31881,20049,12168,39463,57603,8602,11449,16614,32481,36291,51480,21841,29031,32118,36051,13854,18279,35430,43483,32145,22177,80517,64165,453685,452589,6:30 PM,Train unloaded pax at 6:50 pm at Cubao Stn NB due to technical problem.,North Bound,Santolan Anapolis - Cubao,CAT 4
2017-08-08,,,0,75911,44817,36205,33769,18313,12920,39558,59455,8903,11297,17630,32272,38011,51138,23355,29479,33107,35049,15294,18499,40283,43121,34636,21358,78795,65801,460001,458975,4:19 PM,Provisional Service implemented from North Ave to Shaw Blvd Stn at 4:19pm due to technical problem.,South Bound,North Avenue - Shaw Boulevard,CAT 4
2017-08-09,,,0,75249,42298,36452,32511,17372,12384,39308,57671,7947,10446,16929,31935,36893,50279,23001,28805,31940,34242,14385,18238,36032,42414,33283,20929,79596,65206,448387,447358,7:27 PM,Train unloaded pax at Santolan Stn SB at 7:27pm due to technical problem.,South Bound,Santolan Anapolis,CAT 3
2017-08-10,,,0,75181,43628,36731,33082,17555,12385,38949,58413,8711,11424,17252,31837,37348,50859,23042,29018,32204,34317,14705,18098,38528,42429,33427,21132,78506,64471,452139,451093,4:15 PM,Provisional Service lifted and normal operation resumed at 4:15 pm.,North Bound,North Avenue - Shaw Boulevard,CAT 1
2017-08-11,,,0,78305,44423,37709,32291,19336,12415,41272,61786,8975,12191,18101,33031,38225,51793,23283,27991,33543,34392,13656,18709,35803,44066,34703,21510,81490,68150,464401,462748,3:00 PM,Provisional Service implemented  from North Ave to Shaw Blvd Stn at 3 pm due to technical problem. ,South Bound,North Avenue - Shaw Boulevard,CAT 4
2017-08-12,,,0,52606,38216,23738,23113,10652,9205,35583,53561,4720,6574,9925,19564,29624,37354,17195,17640,28884,25762,8350,7961,27330,26872,23961,11785,59731,53780,332299,331387,1:56 PM,Train unloaded passengers at Buendia Station SB at 1:56 PM due to technical problem.,South Bound,Buendia,CAT 3
2017-08-13,,,0,36846,23440,13773,11523,7292,4580,26927,31490,2607,3677,5066,11096,18081,22655,9927,11559,18198,19048,2916,3891,15412,18745,10072,7177,40060,37793,207177,206674,,,,,
2017-08-14,,,3,79867,38233,35844,29097,18644,11088,37861,51410,8141,10687,16479,31707,34326,52570,20196,26454,28881,32950,12027,18227,30606,41004,27785,21199,71541,55949,422198,420575,11:28 AM,Train unloaded passengers at Kamuning Station SB at 11:28 AM due to technical problem.,South Bound,GMA Kamuning,CAT 3
2017-08-15,,,0,78057,44024,37132,32350,17747,12194,40196,57246,8551,11080,17441,32431,37542,53640,22443,27884,31222,32606,13767,18645,36226,41511,31780,21282,73949,60017,446053,444910,5:52 AM,Train unloaded passengers due to technical problem.,South Bound,Ortigas,CAT 3
2017-08-16,,,4,76575,45322,36479,34259,17945,12685,41189,61136,8905,11476,17373,32315,38575,51860,24271,30062,34411,35689,15062,18228,39860,43183,34034,21360,80245,66199,464924,463774,10:05 PM,Provisional Service implemented at 10:05 pm from North Ave to Shaw Blvd Station due to flooded tracks.,South Bound,North Avenue - Shaw Boulevard,CAT 4
2017-08-17,,,0,76640,44753,36926,33911,17649,12592,40537,60343,8865,11619,17322,32325,38362,51578,24310,29793,33496,34906,14754,18162,40647,43375,34276,21573,78490,66179,462274,461109,4:13 PM,Train unloaded pax at 4:13pm at Quezon Ave Stn SB due to technical problem.,South Bound,Quezon Avenue,CAT 3
2017-08-18,,,11,79403,48759,38253,34480,18926,13282,44435,66697,9420,11602,18952,34168,40502,54335,25270,29972,34959,35817,15767,19020,41993,45671,37862,21877,83341,71712,489083,487392,3:51 PM,Train unloaded pax at 3:51pm at GMA Kamuning Stn NB due to technical problem.,North Bound,GMA Kamuning,CAT 3
2017-08-19,,,173,52020,37791,22523,21287,10177,8666,36048,51654,4711,6253,9914,18798,29444,37452,17215,16813,28689,25272,8194,8042,26095,27261,23746,12041,57741,54252,326517,325582,3:39 PM,Train unloaded pax at 3:39pm at Guadalupe Stn NB due to technical problem.,North Bound,Guadalupe,CAT 3
2017-08-20,,,0,35443,24430,13746,11749,6730,4655,27565,32562,2495,3565,5063,11095,18393,22707,10573,11104,18974,18827,2924,3608,15805,18743,10047,6539,41344,38958,209102,208542,1:25 PM,Train unloaded passengers due to technical problem.,North Bound,Boni Avenue,CAT 2
2017-08-21,1,Ninoy Aquino Day ,34,48448,23971,17370,13992,9411,4647,27977,33570,2667,4057,6086,15146,19478,27888,10922,15466,17898,21907,3566,6229,17208,24111,12973,10340,44432,36731,238436,238055,,,,,
2017-08-22,,,11,77238,44666,35300,31434,18728,11779,38096,57128,8473,10736,16828,31556,37214,49583,22115,28022,30308,33843,14263,18279,37373,42463,31936,21303,77313,63554,445185,444346,6:00 PM,Train unloaded passengers due to technical problem.,North Bound,Buendia,CAT 3
2017-08-23,,,0,77361,44352,37057,33843,17903,12602,40466,59033,8803,11294,17559,32727,37959,51326,23751,29547,33286,34961,14816,19069,38309,43015,33060,21712,80181,66187,460511,459668,3:46 PM,"Train experienced technical problem, unloaded passengers at Cubao Station SB.",South Bound,GMA Kamuning - Cubao,CAT 3
2017-08-24,,,0,75485,44019,36836,33740,17609,12458,39256,58830,8743,11497,17513,32430,37330,50446,23663,28935,32554,34769,14773,18419,39126,42785,33782,21248,77951,64161,454621,453737,4:25 PM,Train unloaded passengers due to technical problem.,South Bound,Quezon Avenue,CAT 2
2017-08-25,,,48,79675,48691,38405,34729,18644,13169,42090,67563,9612,11858,19725,34646,41645,54113,25322,29955,34658,35795,16084,18871,42750,45560,37674,21792,82488,70911,488772,487653,6:22 AM,Train unloaded passengers at Magallanes Station SB at 6:22AM due to technical problem.,South Bound,Magallanes,CAT 2
2017-08-26,,,2,52076,38031,23408,22189,10326,8862,34636,52597,4539,6405,9634,19268,28975,36320,16491,16550,27883,24248,7675,7555,26504,25937,23069,11799,57039,51693,322255,321454,8:18 PM,Train unloaded passengers due to technical problem.,South Bound,Ayala Avenue,CAT 3
2017-08-27,,,0,35984,23866,14196,11818,6478,4372,26094,31805,2428,3539,5390,11363,18292,22467,9889,10593,18298,17823,2884,3549,15547,18611,9941,6755,39599,37994,205020,204555,,,,,
2017-08-28,1,National Heroes' Day ,38,48304,25062,17914,14352,9353,4570,28562,33362,2730,3968,6278,15065,19930,28214,10716,14838,18322,21727,3498,6249,17288,24294,12726,10489,45036,38012,240657,240202,8:58 AM,Train unloaded pax at 8:58 am at Ortigas Stn SB due to technical problem.,South Bound,Ortigas,CAT 3
2017-08-29,,,0,80010,44108,37757,33665,19065,12507,36152,58675,9150,11156,17676,32328,37513,50433,23101,29833,31958,35857,14784,18938,38157,42789,34399,21985,79990,65995,459712,458269,,,,,
2017-08-30,,,11,76422,44857,37216,34248,18683,12593,39403,59470,8122,10205,17821,33416,38528,51560,24054,29797,33934,35623,15362,18647,39992,43359,34199,21628,79769,67178,463505,462581,5:40 PM,Train unloaded passengers at 5:40 pm Shaw Boulevard station NB due to technical problem.,North Bound,Shaw Boulevard,CAT 3
2017-08-31,,,8,80735,47083,39482,34817,19384,13576,42659,66120,9668,11989,19225,34650,40054,54677,25241,29795,34431,35447,15815,19124,38511,45342,37290,22519,83259,69393,485754,484532,2:50 PM,Train unloaded pax at Cubao Stn. NB at 2:50 PM due to technical problem.,North Bound,Cubao,CAT 2
2017-09-01,1,Eid'l Adha,7,51291,32769,21205,17871,8835,6277,32920,46067,3473,4979,9609,19689,26586,33421,15467,16601,25001,23247,5675,6963,23947,27332,17669,10811,52322,47170,294000,293197,10:46 PM,Train unloaded pax at 10:46pm at Guadalupe Stn NB due to technical problem.,North Bound,Guadalupe,CAT 3
2017-09-02,,,4,50300,34300,22266,20866,10128,8067,34871,47960,4326,6412,9161,18505,27682,35393,15173,16313,26698,24730,6871,7206,23921,25049,20135,11178,55714,50646,307246,306625,,,,,
2017-09-03,,,0,37539,23151,13926,11766,7861,4461,26647,32253,2403,3539,4934,10803,18625,23521,10117,12212,17764,19448,2801,3786,14909,18372,9918,7215,41178,37645,208622,208172,,,,,
2017-09-04,,,24,78508,43546,36304,32138,19330,12467,38924,57600,8993,11719,17323,32373,37286,51183,22034,29129,32458,36166,14208,18091,36586,41258,32935,22094,78715,64623,453604,452387,9:39 AM,Provisional Service lifted and normal operation resumed at 9:39am.,North Bound,Shaw Boulevard - Taft Avenue,CAT 1
2017-09-05,,,24,75258,43926,36288,33113,18797,12645,38958,58828,8738,11015,17132,32035,37407,50644,22976,29754,32194,34487,15320,18775,37873,42981,34340,21429,78209,63000,453490,452632,,,,,
2017-09-06,,,0,76152,44469,36814,33698,17084,13046,39941,61318,8924,11640,18499,32251,39047,51801,24410,29599,33908,35673,15105,18326,39568,42666,34403,21688,82906,69130,466761,465305,8:51 AM,Provisional Service implemented from Shaw Blvd to Taft Ave Stn & vice versa at 8:51am due to track problem.,South Bound,Shaw Boulevard - Taft Avenue,CAT 4
2017-09-07,,,0,77069,43192,36393,32719,17307,12551,38528,58564,8468,11096,17708,32996,37594,51221,23149,29158,32367,34521,14265,18449,37687,42315,33828,21339,78952,64432,453315,452553,6:51 AM,Provisional Service lifted at 6:51am and normal operation resumed.,North Bound,Shaw Boulevard - Taft Avenue,CAT 1
2017-09-08,,,0,79899,46397,38102,33460,18617,12992,42008,64515,8908,11376,18583,34386,40175,53292,24277,29088,33723,35068,14540,18817,38371,44781,35020,21746,83582,68732,475805,474650,6:43 AM,Provisional Service implemented from Shaw Blvd to Taft Avenue Stn and vice versa at 6:43am.,South Bound,Shaw Boulevard - Taft Avenue,CAT 4
2017-09-09,,,14,53204,37833,23724,22774,11219,9027,36290,52690,4721,6419,9825,19641,28941,37571,16713,17670,27760,25818,7976,7898,26841,26644,23633,12313,59963,53607,330810,329905,6:17 AM,Train unloaded pax at Quezon Ave Stn SB at 6:17am due to technical problem.,South Bound,Quezon Avenue,CAT 3
2017-09-10,,,0,37478,23116,14202,11764,7259,4472,27102,32206,2657,3666,5105,11034,18642,23161,9889,11449,18344,19659,3031,4024,15397,18911,10237,7296,40138,38261,209481,209019,,,,,
2017-09-11,,,141,71497,39455,33431,29126,17861,12077,36550,54254,8149,10150,15617,29206,34987,49733,20817,26889,29577,33198,12700,16479,34094,39990,30554,20499,76841,59802,422675,420858,7:23 AM,Train unloaded passengers at Ayala Station SB at 7:23 AM due to technical problem.,South Bound,Ayala Avenue,CAT 3
2017-09-12,,,99,57910,34964,25035,21525,11580,7499,28150,44169,5454,6926,12614,23041,26406,35614,17558,20705,22680,24160,10405,12440,32263,32305,19534,14716,51228,43187,320817,321251,5:23 AM,Train unloaded passengers at Shaw pocket track SB at 5:23 AM due to technical problem.,South Bound,Shaw Boulevard,CAT 3
2017-09-13,,,15,72910,42998,35030,32713,16493,12289,38452,56611,8624,10664,17908,30495,37610,48503,22302,29153,31309,33874,14302,17468,38023,41145,31430,20492,78436,65467,442829,441872,5:44 AM,Train unloaded pax at Santolan Stn NB at 5:44am due to technical problem.,North Bound,Santolan Anapolis,CAT 2
2017-09-14,,,14,76954,44023,36845,33741,17061,12548,40223,59465,8570,10952,18145,33341,37945,51108,23758,29101,33120,34882,14047,18577,37884,43547,34664,21056,80212,66109,459428,458450,5:13 PM,Train unloaded pax at Guadalupe Stn NB at 5:13pm due to technical problem.,North Bound,Buendia - Guadalupe,CAT 3
2017-09-15,,,0,78584,50645,36986,34323,18939,13208,44538,67106,9656,12131,20646,34753,41235,53580,24091,28983,34394,35189,15589,18837,40653,45113,37975,21665,85708,71761,488994,487294,8:40 AM,Train unloaded pax at Shaw Blvd Stn NB at 8:40am due to technical problem. ,North Bound,Shaw Boulevard,CAT 3
2017-09-16,,,0,55730,40468,25064,24077,11603,9472,39935,57428,5228,7171,10545,20725,31220,38935,17895,18519,30115,27089,8699,8208,28440,27607,25451,12666,63813,59802,353738,352167,6:00 AM,Train unloaded pax at Santolan Stn NB at 6:00am due to technical problem.,North Bound,Santolan Anapolis,CAT 3
2017-09-17,,,0,39241,24966,15038,12607,7698,4733,28954,33758,2560,3732,5180,11240,19266,24254,11060,12562,19050,20046,3102,3943,16372,19485,10449,7397,43558,42177,221528,220900,,,,,
2017-09-18,,,0,79948,42202,36698,31754,18819,12111,39010,57468,8688,11211,17077,31986,36650,51012,22135,29114,31972,36413,13184,18416,34815,42910,32329,22113,81600,65198,452925,451908,7:03 PM,Train unloaded passengers at Santolan Station NB at 7:03PM due to technical problem.,North Bound,Santolan Anapolis,CAT 3
2017-09-19,,,3,77333,46170,36892,33849,17825,12726,41551,61112,8990,11750,18924,32854,38888,51940,24278,30388,33653,35841,15098,18702,39374,43368,35002,21880,81423,67616,469231,468196,3:24 PM,Train unloaded passengers at Shaw Station NB at 3:24PM due to technical problem.,North Bound,Shaw Boulevard,CAT 3
2017-09-20,,,1,77660,47678,37424,34953,17843,13143,42197,62115,9423,11062,19947,33268,40093,52984,25445,30335,35350,36443,16274,19195,41013,44886,36057,22181,83341,72454,482067,480697,8:09 AM,Train unloaded passengers due to technical problem.,South Bound,Ortigas,CAT 3
2017-09-21,,,64,70301,41073,31616,27965,12813,9472,36555,54809,5983,8263,15007,28900,35218,46216,21060,26058,29689,30744,12902,16109,37539,39827,28891,19203,69962,58052,407536,406691,,,,,
2017-09-22,,,21,79614,47972,37964,34101,19533,13454,42646,67049,9289,11345,19316,35144,41413,54317,24864,29496,34832,36207,15547,18870,41354,45562,36806,22250,85087,70919,488265,486686,7:19 AM,Train unloaded pax at Cubao Stn SB at 7:19am due to technical problem. ,South Bound,Cubao,CAT 2
2017-09-23,,,0,52996,39424,24817,24455,11632,9781,38067,56950,4766,6611,10091,20405,30620,39035,17462,17936,29635,26765,8734,8139,28314,27422,26873,12324,61766,54975,345773,344222,,,,,
2017-09-24,,,0,38142,24082,14727,12258,7672,4804,27660,32938,2516,3838,5427,11300,19049,24240,10771,12373,19719,20384,2948,3904,15788,19253,10337,7485,41694,38708,216450,215567,2:19 PM,Train unloaded pax at Santolan Stn SB at 2:19PM due to technical problem. ,South Bound,Santolan Anapolis,CAT 2
2017-09-25,,,26,78370,41613,35647,30643,18919,11950,39442,57388,8546,10760,17225,32360,36236,49852,21678,29145,30706,35112,13585,17951,35567,42805,31392,22071,79514,63972,446827,445622,12:48 PM,Train unloaded passengers at Kamuning Station NB at 12:48 PM due to technical problem.,North Bound,GMA Kamuning,CAT 3
2017-09-26,,,31,77652,45529,37168,33205,18096,12835,41915,61176,9180,11336,18132,33292,38921,52468,24009,30541,33560,36029,15732,18740,40723,43668,34179,22105,80788,67955,470055,468879,8:01 AM,Train unloaded passengers at Ortigas Station NB at 8:01AM due to technical problem.,North Bound,Ortigas,CAT 3
2017-09-27,,,1,75190,45471,36016,33590,16888,12955,40433,60685,9110,11086,18600,32732,39074,51419,23761,29832,33152,35241,14879,18043,40559,42706,34587,21421,81818,67549,464067,462730,6:27 AM,Train unloaded passengers at Kamuning Station SB at 6:27 AM due to technical problem.,South Bound,GMA Kamuning,CAT 3
2017-09-28,,,0,76638,45111,36913,33564,18063,12806,40878,60839,8916,11155,18361,33668,37801,51603,23824,29769,33397,35181,14622,18724,40495,43596,34402,21214,79781,65914,464091,463144,4:36 PM,Train unloaded pax at Buendia Stn NB at 4:36pm due to technical problem.,North Bound,Buendia,CAT 2
2017-09-29,,,2,79582,47996,38545,34151,19515,13718,43486,67797,9673,11645,19500,35865,41893,55969,25213,29587,34935,36163,15265,18892,42312,46406,37153,21998,85557,70929,492629,491116,8:11 AM,"Service interruption, provisional service implemented from North to Shaw Station. ",North Bound,Boni Avenue,CAT 4
2017-09-30,,,29,55944,41056,25262,24491,11794,9630,38740,58310,5124,7000,10825,21015,31773,40074,18183,18451,29378,26907,8601,8083,29468,28804,26387,12591,63461,57271,354940,353683,7:57 AM,Train unloaded passengers due to technical problem.,North Bound,Boni Avenue,CAT 3
2017-10-01,,,0,39290,24577,15035,12044,7888,4632,28675,33271,2729,3789,5226,11958,19672,24930,10568,12351,19133,20185,3075,3941,16214,19413,10829,7655,42022,40979,220356,219725,,,,,
2017-10-02,,,2,77004,41240,35850,31076,18381,12025,39431,56845,8502,10706,16629,31830,36183,50555,21918,29026,31185,35703,13090,17664,35173,42239,31504,21809,80452,63631,445302,444349,9:43 PM,Train unloaded passengers at Magallanes Station NB at 9:43PM due to technical problem.,North Bound,Magallanes,CAT 3
2017-10-03,,,7,77966,46117,37094,34133,18088,12925,41848,61483,8809,11526,18237,33261,39117,53053,24173,30625,33699,36103,15511,18616,40451,44062,35935,21713,80686,66940,471614,470557,,,,,
2017-10-04,,,22,76878,43582,36543,32612,17156,12058,40985,57595,8555,11078,17755,32698,39135,53785,23349,29212,32846,33773,14094,18929,36138,42320,33341,22299,81656,66722,458431,456663,6:42 PM,Train unloaded passengers at Magallanes Station NB at 6:42 PM due to technical problem.,North Bound,Magallanes,CAT 2
2017-10-05,,,0,76096,43479,36077,32627,16594,12439,39791,58866,8172,10880,17333,32862,37750,51171,23770,29447,32161,33518,14230,18131,38239,43376,34780,21325,78419,64186,453412,452307,4:55 PM,Train unloaded passengers at Guadalupe Station NB at 4:55 PM due to technical problem.,North Bound,Guadalupe - Boni Avenue,CAT 4
2017-10-06,,,2,78633,48105,38692,33275,19513,12847,42462,66165,9234,10525,19633,34466,41245,54027,24430,29934,34278,36495,15210,18954,40904,44890,37004,22005,83188,70854,484426,482542,4:43 PM,Train unloaded passengers at Shaw Station SB at 4:43PM due to technical problem.,South Bound,Shaw Boulevard,CAT 3
2017-10-07,,,14,53280,37599,24248,23216,10985,9277,35508,52744,4618,6482,10286,20039,29417,37158,16870,17349,26751,26115,8277,8217,26938,26834,24546,12022,60369,53695,332093,330747,3:21 PM,Train unloaded passengers at Kamuning Station NB at 3:21PM due to technical problem.,North Bound,GMA Kamuning,CAT 2
2017-10-08,,,0,37616,23348,14702,12531,7539,4621,27110,32428,2530,3685,5221,11552,18790,23908,10138,11871,18563,19501,3082,4026,15775,18868,10388,7475,40879,38100,212333,211914,8:26 AM,"Train experienced technical problem, unloaded passengers at Ortigas Station SB 8:35am.",South Bound,Santolan Anapolis - Ortigas,CAT 3
2017-10-09,,,0,79428,41964,36441,31412,18989,12078,38849,56839,8288,10921,16773,32252,36416,51165,21240,28326,31234,34664,13303,18027,34618,42505,31097,21772,79403,63136,446079,445061,2:06 PM,Train unloaded passengers at Guadalupe Station at 2:06 PM due to technical problem.,South Bound,Guadalupe,CAT 3
2017-10-10,,,2,73254,44486,33919,32330,16569,12398,37811,58846,8889,10491,17614,31905,38701,52121,23358,29089,32111,33543,14926,17261,39745,41391,34157,20710,80074,65313,451128,449884,6:41 PM,Train unloaded pax at Guadalupe Stn NB at 6:41pm due to technical problem.,North Bound,Guadalupe,CAT 3
2017-10-11,,,1,76625,45222,36186,33249,16591,13082,39238,60620,8503,10856,18107,33047,39175,51683,23824,29946,33563,35125,14918,18025,39548,42795,35957,21279,81143,67532,463378,462461,9:47 AM,Train unloaded passengers due to technical problem.,South Bound,Quezon Avenue,CAT 2
2017-10-12,,,3,75544,43885,35487,32875,16160,12406,39059,58322,8469,10896,17193,32902,38205,51079,23182,28926,32464,34049,14527,17760,39949,42572,33380,20940,78593,64631,452212,451243,7:01 PM,Train unloaded passengers at Cubao Station SB at 7:01PM due to technical problem.,South Bound,Cubao,CAT 2
2017-10-13,,,114,80541,49192,39177,33942,18981,13073,45175,68259,9023,11229,19919,38145,42927,57222,24951,29845,34761,36437,15664,18532,43543,45871,37734,21712,84169,71934,496565,495393,4:22 PM,Train unloaded passengers at Cubao Station SB at 4:22PM due to technical problem.,South Bound,Cubao,CAT 2
2017-10-14,,,11,54451,39750,24113,24349,10796,9414,37951,56051,4610,6438,11185,22594,32110,40663,17848,17774,29009,26174,8312,7755,29135,27751,26765,12371,60513,54781,346798,345865,2:06 PM,Train unloaded passengers at Guadalupe Station SB at 2:06PM due to technical problem.,South Bound,Guadalupe,CAT 3
2017-10-15,,,0,40967,26125,15812,13049,7988,5047,30111,36397,2886,4085,6751,14698,21826,27644,11438,12673,20462,20507,3353,4118,17788,21543,11642,7963,44388,41053,235412,234902,,,,,
2017-10-16,,,0,68978,36888,28734,22887,13594,8384,33237,47345,5713,7874,13850,26796,30250,41943,19043,24895,24923,28217,10529,14576,33360,39562,25213,18767,63514,52270,370938,370404,,,,,
2017-10-17,,,1,71622,40964,31094,27241,13623,9673,36256,53449,6858,9156,15728,29491,34203,45982,21198,26851,28078,29926,13144,15610,38037,41202,28981,19194,68138,57640,406960,406379,1:19 PM,Train unloaded passengers at Buendia Station SB at 1:19PM due to technical problem.,South Bound,Buendia,CAT 2
2017-10-18,,,1,77447,45458,37433,34156,18137,13033,41720,62426,9260,11850,18705,34023,40803,53944,24044,30004,34294,35827,14686,18287,40411,43998,35201,22098,84512,70300,476653,475404,8:16 AM,Train unloaded passengers at Shaw SB at 8:16AM due to door problem.,South Bound,Shaw Boulevard,CAT 3
2017-10-19,,,0,76030,44539,36891,33216,17029,12504,39933,58903,8649,11160,18223,33648,38352,51316,23417,29680,32828,34646,14080,17889,39429,43642,33780,21388,80278,65590,458919,458121,7:34 AM,Normal operation from North Ave. to Taft Ave.  and vice versa resumed at 7:34 AM.,North Bound,Ayala Avenue - Buendia,CAT 1
2017-10-20,,,2,80336,47908,38561,33830,17564,13138,43171,68158,8861,11442,18998,34694,40600,54490,24768,29632,34754,35239,15374,18356,41616,45838,37604,21977,84704,71072,486911,485774,6:16 AM,Provisional Service implemented from North Ave to Shaw Blvd Stn and vice versa at 6:16am.,South Bound,North Avenue - Shaw Boulevard,CAT 4
2017-10-21,,,1,55940,40371,25868,24077,12440,9551,38998,56447,5093,6773,10358,21064,31277,39769,17604,18194,29637,26953,8269,8143,28504,28718,25439,12721,61714,57282,351141,350063,8:24 PM,Train stopped due to technical problem. ,South Bound,Santolan Anapolis - Ortigas,CAT 4
2017-10-22,,,0,39164,25205,16296,12898,9127,4955,29111,34301,3204,3982,5328,12201,19734,25267,10541,12529,19924,20972,3146,4164,16401,20105,10933,7670,43130,41077,226039,225326,,,,,
2017-10-23,,,21,74788,41288,34194,29494,18268,11007,36971,53807,8623,9478,16790,30584,36328,55165,19089,26967,27987,32267,12527,15046,33974,37123,30252,19056,72698,59513,422489,420795,8:49 PM,Train unloaded passengers due to technical problem.,South Bound,Ortigas,CAT 4
2017-10-24,,,0,77447,44938,36401,32819,17719,12856,41291,60065,8546,11181,18282,33712,38160,51909,23412,29434,32498,34630,14733,17928,38194,43087,34446,21420,80464,66538,461593,460517,5:48 PM,Train unloaded passengers due to technical problem,North Bound,Magallanes,CAT 4
2017-10-25,,,2,78887,46452,37381,33886,17546,12871,41014,61602,9006,11462,18326,33848,39825,52473,24445,29802,33272,34829,14291,17864,39065,43724,34814,21518,82776,68990,470648,469321,3:47 PM,Train unloaded passengers due to technical problem.,South Bound,Magallanes,CAT 3
2017-10-26,,,0,79046,45646,37139,32570,17137,12239,40532,59331,8639,11252,18097,33465,37614,52119,23053,28422,31864,33920,13555,18167,37250,43807,33990,21236,80965,65438,458881,457612,10:53 AM,Train unloaded passengers due to technical problem.,South Bound,Magallanes,CAT 3
2017-10-27,,,23,82020,47317,39594,33561,18613,12993,42682,64369,9504,11438,19120,34654,38565,53224,23411,28343,33753,34409,13106,18553,37142,45540,36567,22043,83808,70171,477885,476615,8:23 AM,Train unloaded passengers due to technical problem.,South Bound,Quezon Avenue,CAT 3
2017-10-28,,,0,55789,40053,25154,23737,10888,9059,37831,56655,5093,7108,10771,20862,30778,38854,17703,17729,29590,25946,8095,8059,28671,28119,24609,12506,61110,56311,346082,344998,6:43 PM,Train unloaded passengers due to technical problem.,South Bound,Boni Avenue,CAT 3
2017-10-29,,,1,38890,24787,14847,11675,7652,4660,27244,33592,2638,4003,5256,12164,19087,24240,10340,11468,18400,18978,3060,3916,16156,19730,10931,7222,41317,38888,215818,215323,,,,,
2017-10-30,,,5,78055,45471,35539,30304,17368,11385,40251,62642,7934,10073,16389,31246,36194,50040,21148,25962,31405,32033,13135,16280,34682,41057,31682,20253,78131,63707,441913,440453,,,,,
2017-10-31,1,special (non-working) day,25,41576,27004,16772,14033,6495,4697,26417,37375,2712,3780,6453,14317,20544,26947,11727,12949,19414,18570,4336,5424,19607,22003,14679,9014,44437,38510,235169,234623,12:57 PM,Train unloaded pax at Magallanes stn. NB at 12:57 PM due to brake failure.,North Bound,Magallanes,CAT 3
2017-11-01,1,All Saints' Day ,26,31628,17627,11468,9195,5321,2722,19674,24407,1583,2381,3968,9417,14583,19400,8263,10863,12985,15239,2737,4070,13942,16854,8748,6463,32786,28663,167686,167301,8:10 AM,Train unloaded pax at 8:10am at North Ave Station SB due to door failure.,South Bound,North Avenue,CAT 3
2017-11-02,,,2,73055,38337,31695,27336,14817,9099,32990,49899,6201,8678,13799,26507,32092,44350,18825,25697,26168,30232,11491,15377,32712,38488,27527,18921,67373,54999,388745,387920,5:27 AM,Train unloaded pax at 5:27am at Ayala Station NB due to atp failure.,North Bound,Ayala Avenue,CAT 3
2017-11-03,,,1,77337,44624,35529,30881,16055,11054,38611,59353,7707,11136,17073,31965,37449,50333,22477,26514,31444,32221,12970,16970,37747,42419,31968,20681,78167,64934,444534,443085,1:11 PM,Train unloaded pax at Guadalupe Stn NB at 1:11PM due to technical problem.,North Bound,Guadalupe,CAT 3
2017-11-04,,,5,47028,30794,21173,18787,9134,6699,30408,42529,3777,5857,8089,19043,27165,42336,15194,15683,25517,22345,7228,7023,24864,25303,21847,11218,54551,47141,295975,294758,12:27 PM,Train unloaded pax at Shaw Blvd. Stn NB at 12:27 PM due to door failure.,North Bound,Shaw Boulevard,CAT 3
2017-11-05,,,0,34922,22433,13960,11348,7163,4510,24678,30298,2549,3233,5309,11199,18702,24428,10136,11396,17548,18274,2955,3666,15437,18073,10311,7144,39618,36310,203288,202312,,,,,
2017-11-06,,,0,75076,39099,33561,29250,16640,11107,32846,51878,8307,10346,16094,28780,34142,46760,20213,25677,29717,31781,11024,16870,28870,40359,29165,20797,78315,59983,413970,412687,1:47 PM,Train unloaded passengers at Magallanes Station SB at 1:47 PM due to technical problem.,South Bound,Magallanes,CAT 3
2017-11-07,,,0,71714,41224,30670,30434,15318,11297,32590,52392,8466,9733,17107,28474,35425,45781,20859,25274,28846,30908,12444,16284,32651,39500,30495,19985,76273,60421,412858,411707,12:40 PM,Train unloaded passengers at Kamuning Station SB at 12:40 PM due to technical problem.,South Bound,GMA Kamuning,CAT 3
2017-11-08,,,0,72424,41148,33440,30155,15895,11030,35297,53735,8348,10020,16912,29506,35972,47147,21224,25948,29464,32320,11260,16778,32428,40477,31852,20286,77764,62720,422280,421270,10:59 AM,Train unloaded passengers at Buendia Station SB at 10:59 AM due to technical problem.,South Bound,Buendia,CAT 3
2017-11-09,,,71,73158,43001,33983,30954,15746,11348,37375,55898,8434,10235,17725,30408,37029,48377,22346,27396,29813,32774,13758,16971,37090,41808,32742,20454,75378,64097,434577,433721,9:06 AM,Train unloaded passengers at Ortigas SB at 9:06 AM due to technical problem.,South Bound,Ortigas,CAT 3
2017-11-10,,,0,76407,46130,36000,31082,15886,11761,37532,61380,8611,10370,18390,32049,39115,50803,22528,26122,31177,31710,13727,17372,38429,42635,34318,21280,78283,66473,450403,449167,9:00 AM,Train unloaded passengers at Kamuning SB at 9:00AM due to technical problem.,South Bound,GMA Kamuning,CAT 3
2017-11-11,,,9,59649,47526,28445,28242,16112,11295,42582,64034,7857,7584,16990,24111,35634,43727,20424,19451,32334,29029,10351,8842,32493,32173,28776,15000,66705,65196,398352,396210,7:34 AM,Train unloaded passengers at Shaw Station NB at 7:34am due to technical problem.,North Bound,Shaw Boulevard,CAT 2
2017-11-12,,,0,39703,28401,17498,14174,9151,5664,30956,37433,3553,4291,7502,14098,22031,26848,12634,12675,21090,20283,3478,4265,18304,22373,12074,7845,44013,42842,241987,241192,7:32 AM,Train unloaded passengers due to technical problem.,South Bound,Cubao,CAT 3
2017-11-13,1, 31st ASEAN Summit,0,49382,26589,20787,14950,8951,5330,27979,36471,3407,4863,7677,17951,21398,30290,11695,15214,19732,21542,4761,7270,19241,26854,15496,11566,46472,37453,256978,256343,9:29 PM,Train unloaded passengers due to technical problem.,South Bound,Shaw Boulevard,CAT 3
2017-11-14,1, 31st ASEAN Summit,0,46979,26037,19572,14716,7902,5072,26944,33247,3093,4419,7527,16505,21345,30099,11685,14615,18530,19920,5043,7031,21588,28940,14707,10832,41776,34499,246691,245932,9:30 AM,Resumed normal revenue service.,North Bound,Buendia - Ayala Avenue,CAT 4
2017-11-15,1, 31st ASEAN Summit,0,48938,27745,20030,16286,8460,5262,27683,35955,3267,4699,7647,16876,22487,30168,12631,16524,19825,21784,5327,7225,21262,26565,16371,11394,46696,39637,260624,260120,8:57 AM,Train unloaded passengers due to technical problem.,South Bound,Quezon Avenue,CAT 3
2017-11-16,,,1,72361,42404,34343,29620,15784,10527,37335,53532,7720,9534,16754,29453,37117,49804,20701,26247,28751,31601,12558,15754,33695,39425,30097,20057,72798,60756,420014,418714,9:03 AM,Provisional service was implemented due to train failure.,North Bound,Buendia - Ayala Avenue,CAT 4
2017-11-17,,,2,67895,41652,32897,28516,14988,10792,35850,54352,7763,10066,16588,29413,34993,46293,20278,23960,29583,29734,11703,15265,32955,40204,30661,18625,73945,60412,410099,409284,9:04 AM,Train unloaded passengers due to technical problem,South Bound,Santolan Anapolis,CAT 2
2017-11-18,,,0,50429,36977,22988,21852,9970,8188,34609,49823,4479,6214,9471,18767,29077,35485,15981,15833,26458,23628,7483,7199,25447,28736,23804,11952,57810,52131,318006,316785,,,,,
2017-11-19,,,3,35965,23503,14369,11976,7193,4611,26131,31072,2379,3562,5228,11298,18718,23452,10548,11039,18102,18255,2984,3696,15466,20944,10336,7243,40925,37180,208344,207831,,,,,
2017-11-20,,,5,69879,40129,33244,29257,17732,11209,36370,52343,8427,10328,16504,29810,35923,47977,20770,26323,29911,32733,12263,16284,31324,39887,30656,20627,76136,61226,419139,418133,8:50 PM,Provisional Service implemented from North Ave. Station to Shaw Blvd Station and vice versa.,North Bound,Buendia - Guadalupe,CAT 4
2017-11-21,,,8,67567,42806,33751,30794,16145,11527,36875,54441,8435,10296,17714,30287,36699,48011,22242,26789,31280,32408,13632,16460,34918,40245,33728,20069,75959,63828,428945,427961,8:33 PM,Service Interruption at Buendia to Guadalupe NB.,North Bound,Buendia - Guadalupe,CAT 4
2017-11-22,,,11,67625,41040,32832,29903,15718,11002,34989,52216,8030,10136,16585,29361,35149,46066,21206,25283,29892,30790,11905,15616,32255,38881,31074,19271,74904,61651,412164,411216,9:36 PM,Train unloaded pax at  Santolan Station SB at 9:36 PM due to atp failure.,South Bound,Cubao - Santolan Anapolis,CAT 4
2017-11-23,,,1,64826,38516,32760,28305,15719,10650,35011,49413,8079,10030,15841,28618,34100,45579,20265,23950,28614,30541,11277,16292,30392,38031,30968,19485,71447,58034,399299,397444,7:59 PM,Train unloaded pax at Magallanes Stn SB at 7:59pm due to door failure.,South Bound,Ayala Avenue - Magallanes,CAT 2
2017-11-24,,,6,68094,40935,33164,28879,16951,10851,33101,54208,8465,10076,16757,29805,35293,46431,20221,23874,29035,29735,11575,15530,30953,39441,32019,19153,75761,61174,411389,410092,,,,,
2017-11-25,,,1,51540,36251,23320,21342,10788,8228,34375,50523,4545,6377,9527,19628,28461,36226,16097,16250,26491,23974,7268,7252,24493,27644,23488,12181,58516,51914,318909,317790,12:21 PM,Train unloaded passengers due technical problem.,North Bound,Shaw Boulevard,CAT 3
2017-11-26,,,1,36859,23571,14883,11365,7009,4391,26849,31213,2420,3671,5060,11695,18948,23508,10294,11264,18141,18364,2853,3676,14392,19991,10325,7164,40959,38512,208992,208385,,,,,
2017-11-27,,,0,69523,37886,30961,27820,15898,10281,32823,50517,8089,9717,15346,27579,33656,45099,18872,25042,27982,30647,10857,15209,29113,37811,29325,19815,74346,58280,396791,395703,6:17 AM,Train unloaded passengers due to technical problem.,South Bound,Cubao,CAT 2
2017-11-28,,,0,68978,41060,33954,29580,16671,10823,35788,52452,8278,10519,16454,29870,35162,46915,21099,26575,29714,31054,11775,16051,32356,39487,32116,20040,73979,61039,416324,415465,11:36 AM,Train unloaded passengers due to technical problem.,South Bound,Boni Avenue,CAT 3
2017-11-29,,,0,71876,42552,35061,29082,17716,10974,37805,55671,8827,10725,17401,31120,36411,48130,21036,25363,30761,30862,12051,16568,31092,41991,32645,20132,76820,65082,429502,428252,,,,,
2017-11-30,1,Bonifacio Day,9,47853,30855,20570,16515,7750,5465,31106,40141,3284,4990,8048,17762,24728,31637,14349,16073,22655,22380,4862,6200,21589,27629,16418,10539,52160,44700,275372,274886,,,,,
2017-12-01,,,11,72855,43348,35472,30417,17011,11011,38779,57845,8755,11160,16914,31216,37855,50204,20948,25567,31403,32155,12250,16174,33937,42387,34130,20377,79214,66216,439523,438077,,,,,
2017-12-02,,,0,53297,37484,24396,21551,10755,7992,36329,51238,4627,6623,9644,19776,29938,37830,16567,16658,27105,24822,7042,7340,24735,28484,23805,12290,59642,54575,327882,326663,12:37 PM,Train unloaded passengers due to technical problem.,North Bound,Ayala Avenue,CAT 3
2017-12-03,,,11,37999,24678,15615,12393,7760,4637,29230,34044,2592,3711,5512,11959,19813,25002,10773,11535,19394,19313,2842,3746,15249,21521,11031,7540,43292,40203,221102,220282,8:00 PM,Train unloaded passengers due to technical problem.,South Bound,Cubao,CAT 3
2017-12-04,,,3,71002,39215,33106,28459,17749,10460,34491,50757,8015,10031,15386,29319,34480,46836,19720,25887,28517,31793,11112,15660,30233,39528,29608,20311,75720,59685,409139,407941,,,,,
2017-12-05,,,0,70871,42015,34415,29824,16964,10961,37025,54716,8393,10586,16899,30928,36053,47945,21287,26362,30240,32034,12018,16265,33490,40894,32553,20277,76496,62752,426704,425559,,,,,
2017-12-06,,,0,71307,42834,35619,30217,17665,11137,37534,54386,8515,10574,17014,31305,36574,48592,21747,26228,30771,32667,11811,16414,33710,41103,31983,20045,78510,66064,432760,431566,8:26 AM,Train unloaded pax at Santolan Stn. SB at 8:26 AM due technical problem.,South Bound,Santolan Anapolis,CAT 3
2017-12-07,,,21,70031,41598,34743,29626,16517,11182,36086,54237,8289,10574,16156,30514,35812,47978,21145,26138,29560,31072,12298,15922,33536,40203,32975,20242,75766,62533,422914,421819,7:09 PM,Train unloaded pax at Boni Stn NB at 7:09 pm due to door failure.,North Bound,Boni Avenue,CAT 2
2017-12-08,,,2,70327,43129,33441,28389,16354,10822,35412,57160,8566,10633,16666,30906,36851,48395,21237,25206,29189,29547,11734,15486,34017,38353,33183,19763,76473,64386,423450,422175,4:13 PM,Train unloaded pax at North Ave Stn SB at 4:13pm due to technical problem.,South Bound,North Avenue,CAT 2
2017-12-09,,,0,55819,38221,26211,21698,11706,8391,35271,51582,4866,6718,9845,20434,29760,37060,15954,17433,26545,25425,7063,7583,24865,29385,24838,12615,61289,56325,334032,332870,3:13 PM,All revenue trains traffic are regulated. Normal operation resumed at 3:13pm.,North Bound,Ortigas - Santolan Anapolis,CAT 1
2017-12-10,,,2,41197,26411,17055,12709,8002,5268,28864,33755,2658,4809,5851,13094,20517,26678,11364,12159,20336,19985,2929,3903,16200,22175,11505,7889,45662,42435,232140,231270,2:47 PM,"Service Interruption due to train at interstation of Ortigas and Santolan NB with technical problem. 
Passengers' evacuation with the assistance of Security Personnel.  ",North Bound,Ortigas - Santolan Anapolis,CAT 4
2017-12-11,,,0,73814,39500,33888,28319,17719,10625,36201,51948,8108,10453,15637,30406,34019,47536,20024,26343,29329,32998,11084,16340,30729,40989,30410,20527,77740,61608,418702,417592,,,,,
2017-12-12,,,1,70845,38302,33988,27104,16563,10088,34087,50248,8111,11162,15825,31295,34685,49577,20597,25451,30058,30993,11250,15653,28743,39909,31796,19709,75953,60853,412501,410344,6:58 PM,Train unloaded passengers due to technical problem.,South Bound,GMA Kamuning,CAT 2
2017-12-13,,,0,68758,40635,31772,28069,14435,10229,32063,51072,7975,9540,16242,29220,35004,44891,20240,24540,28313,29918,11294,15155,31691,39610,30529,19388,75923,60863,404239,403130,,,,,
2017-12-14,,,0,69295,41628,33737,28272,15852,10645,36221,52214,7997,10061,15979,30632,34869,46072,20440,24864,29251,30823,10964,15368,32771,40463,31193,19623,74807,61661,413376,412326,8:12 AM,Train unloaded pax at Boni Station NB at 8:12 AM due to technical problem.,North Bound,Boni Avenue,CAT 3
2017-12-15,,,0,74672,42269,34812,28540,16610,10992,35927,55572,8123,10246,16679,32271,36517,48369,20934,24625,30319,30698,11273,16035,32426,42387,32071,20011,77830,64627,428193,426642,5:19 PM,Train unloaded passengers due to technical problem.,South Bound,North Avenue,CAT 2
2017-12-16,,,1,57338,40731,26744,22117,12172,8751,36258,52613,5305,7051,10923,22119,31085,38622,17093,16611,27838,25132,6819,7583,25244,30809,24149,12937,64064,58630,345032,343706,3:08 PM,Train unloaded passengers due to technical problem.,North Bound,Taft Avenue - Magallanes,CAT 2
2017-12-17,,,2,44079,29551,18079,13474,8517,5151,31858,37163,3092,4423,6558,14782,22962,27722,12268,12653,22413,21461,3007,4011,16901,23786,12624,8371,49118,48042,251476,250590,,,,,
2017-12-18,,,12,73685,39850,33568,26612,16890,10107,36397,50941,7735,10107,14796,29726,33705,46858,19768,25177,28241,31271,10254,15291,29372,40845,28504,19921,74333,59551,407248,406257,8:38 PM,Train unloaded passengers at Magallanes Station 8:43PM due to technical problem.,South Bound,Ayala Avenue - Magallanes,CAT 3
2017-12-19,,,20,73349,43380,34596,27844,16242,10491,37854,54823,8348,10540,16483,30963,35622,47595,21062,25025,30180,31793,11452,15478,33116,42003,29583,19370,76418,63957,424305,423262,,,,,
2017-12-20,,,1,71217,40241,33063,26381,15477,10174,33014,50476,7705,9965,15218,29151,33856,44759,19145,22865,28615,29180,9870,14621,29727,40399,28461,18768,74195,61361,399563,398341,10:11 PM,Train unloaded pax at Shaw Blvd Stn NB at 10:11 PM due to door failure.,North Bound,Shaw Boulevard,CAT 3
2017-12-21,,,0,73259,42595,34073,27324,15431,10082,37436,52851,7835,10181,15618,30564,34501,46911,20172,23672,29257,30167,10106,14738,30848,40881,29860,18825,74834,62796,413230,411587,6:10 AM,Train unloaded passengers due to technical problem.,South Bound,GMA Kamuning,CAT 3
2017-12-22,,,0,72083,42311,34055,26003,15269,9788,37242,55197,7703,10356,15330,29991,34330,46276,19953,22817,30204,27942,10241,14678,28883,39606,28584,18654,75451,63003,409328,406622,5:50 AM,Train unloaded passengers due to technical problem.,South Bound,Boni Avenue,CAT 3
2017-12-23,,,1,48155,36612,21169,17727,10741,6738,33218,48558,4554,5865,8328,17070,25975,32133,14447,13111,25928,21974,5288,5606,21524,24782,18906,9989,55945,52561,294178,292726,6:16 PM,Train unloaded passengers due to technical problem.,South Bound,North Avenue,CAT 2
2017-12-24,,,0,28068,19767,11757,9213,4927,3146,21026,27453,2065,2991,3703,8390,15791,18512,7844,7187,14963,14157,1901,2093,11654,14874,8392,5025,36024,34888,168115,167696,4:15 PM,"Train experienced technical problem, unloaded passengers at Quezon Ave. Station SB 4:33PM.",South Bound,North Avenue - Quezon Avenue,CAT 4
2017-12-25,1,Christmas Day ,1,31783,19627,11758,8556,5541,2871,22844,25449,1426,2063,3074,7851,14948,18115,7466,7644,14595,16692,1454,2260,9553,14844,7019,5095,37406,36997,168867,168064,5:48 AM,Train unloaded passengers due to technical problem.,South Bound,Shaw Boulevard,CAT 3
2017-12-26,1,Rizal Day,1,59326,30919,23623,16641,10909,5158,31592,39414,3886,5507,8575,19755,23889,33775,12553,17133,20358,24222,5795,8948,20150,29519,16692,13094,56255,48770,293603,292855,3:55 PM,Train unloaded pax at Magallanes Stn NB at 3:55 PM due to technical problem.,North Bound,Magallanes,CAT 3
2017-12-27,,,3,66435,38392,29383,23663,13384,8209,34668,48529,6267,8300,13170,26301,31060,41842,16798,20696,25491,27098,9505,12430,27901,34741,23566,15791,67418,57816,365046,363808,,,,,
2017-12-28,,,0,63152,37783,28885,22749,12355,8254,33558,47433,6336,8515,12059,24806,30491,40132,16801,19762,25616,25882,9223,11921,27999,33996,22925,15440,63616,55453,353016,352126,7:59 AM,Normal operations resumed.,South Bound,North Avenue - Taft Avenue,CAT 1
2017-12-29,,,0,62839,40073,28983,23149,12195,8535,34403,54035,6133,8021,12441,24618,31093,40711,17164,18827,27559,25302,9865,11498,28531,33253,24426,14989,64507,56109,360139,359120,,,,,
2017-12-30,,,0,28235,20920,11805,9117,4973,2896,20302,26793,2064,2992,4122,9718,14582,17913,7792,6827,14388,11960,2302,2608,11435,14620,9253,4993,31759,31108,163012,162465,,,,,
2017-12-31,1,last day of the year,0,19894,15252,8121,6745,3223,2312,14854,20280,1603,2032,2896,5875,11070,13007,5910,5394,10782,9461,1512,1642,10061,10346,6169,3470,24401,24219,120496,120035,6:54 AM,Service interruption due to signaling problem.,South Bound,North Avenue - Taft Avenue,CAT 4
